Production_ID,Plant_ID,Machine_ID,Operator_ID,Product_Type,Shift,Production_Date,Raw_Material_Batch,Temperature_C,Pressure_Bar,Humidity_Percent,Cycle_Time_Sec,Units_Produced,Defective_Units,Energy_Consumption_kWh,Downtime_Minutes,Maintenance_Score,Quality_Score,Inventory_Level,Delivery_Time_Hours
1,4,131,1004,D,Evening,2025-01-01 00:00:00,5799,80.19,12.85,52.17,147.21,264,7,270.69,17,5,95,405,26.59
2,5,135,1098,C,Evening,2025-01-01 01:00:00,5872,77.65,11.99,56.41,121.24,401,0,245.26,42,6,96,1484,21.38
3,3,149,1060,A,Morning,2025-01-01 02:00:00,6363,79.18,11.9,65.08,119.54,284,8,245.57,8,7,76,3467,19.42
4,5,103,1091,A,Night,2025-01-01 03:00:00,5128,80.23,14.35,71.3,141.38,416,1,256.93,18,4,99,1674,17.95
5,5,126,1092,D,Morning,2025-01-01 04:00:00,5437,73.3,12.91,57.18,117.61,131,13,272.41,19,7,78,972,16.43
6,2,116,1008,C,Evening,2025-01-01 05:00:00,5750,74.26,9.02,56.64,105.2,343,12,301.29,41,5,83,268,14.22
7,3,111,1049,A,Evening,2025-01-01 06:00:00,5500,81.44,13.2,51.08,124.75,359,15,233.52,29,6,95,1703,24.55
8,3,121,1005,B,Night,2025-01-01 07:00:00,6081,68.95,13.05,41.28,136.84,125,1,210.22,25,4,89,1130,10.86
9,3,116,1082,D,Morning,2025-01-01 08:00:00,6221,77.15,13.78,50.15,107.61,64,3,227.76,30,8,81,1834,26.36
10,5,109,1059,A,Evening,2025-01-01 09:00:00,5210,71.42,10.59,53.36,128.84,269,11,214.98,34,9,84,4542,26.32
11,4,100,1043,A,Evening,2025-01-01 10:00:00,6937,80.5,12.49,62.8,118.6,279,15,188.96,2,2,81,3767,23.5
12,3,121,1010,B,Evening,2025-01-01 11:00:00,5901,74.91,12.17,59.16,126.77,483,9,306.42,55,4,90,4930,24.37
13,5,125,1065,B,Night,2025-01-01 12:00:00,5044,75.04,10.56,56.77,124.7,489,2,284.18,39,8,90,1376,22.57
14,2,117,1046,D,Evening,2025-01-01 13:00:00,6120,83.64,13.42,50.35,113.79,421,3,158.66,28,8,98,642,25.13
15,4,149,1072,D,Evening,2025-01-01 14:00:00,6302,69.62,11.64,39.14,118.41,314,5,258.72,5,9,92,454,25.07
16,2,113,1084,B,Morning,2025-01-01 15:00:00,5534,76.08,13.73,39.63,114.7,313,4,234.93,51,3,82,4908,30.51
17,4,146,1087,D,Morning,2025-01-01 16:00:00,6433,74.1,10.89,41.69,121.78,159,17,230.16,0,1,78,4136,31.66
18,5,128,1097,B,Evening,2025-01-01 17:00:00,5460,77.66,9.81,52.66,107.31,452,2,150.54,51,9,93,3539,31.51
19,1,111,1085,A,Evening,2025-01-01 18:00:00,5390,84.65,11.64,62.95,110.89,356,9,248.99,23,1,76,683,20.01
20,4,135,1002,B,Morning,2025-01-01 19:00:00,6870,71.97,12.35,62.74,113.79,249,10,253.08,37,3,99,610,27.79
21,2,134,1075,B,Night,2025-01-01 20:00:00,6067,69.01,11.2,61.35,125.88,275,18,202.92,33,3,70,1046,26.53
22,5,111,1091,C,Night,2025-01-01 21:00:00,5026,70.95,7.4,50.88,98.77,234,13,314.91,50,9,97,3573,20.76
23,4,106,1029,B,Night,2025-01-01 22:00:00,5793,73.84,12.58,64.15,118.39,80,10,281.65,59,1,79,1298,19.57
24,1,128,1089,B,Night,2025-01-01 23:00:00,6120,75.32,12.57,47.55,109.38,151,3,207.35,6,7,98,2971,22.12
25,1,110,1020,C,Night,2025-01-02 00:00:00,5974,75.57,13.03,61.83,113.83,308,5,290.92,10,2,75,4095,18.7
26,3,132,1027,D,Night,2025-01-02 01:00:00,5547,84.01,11.43,41.6,110.1,148,16,231.38,10,7,95,4021,17.05
27,3,105,1089,C,Night,2025-01-02 02:00:00,5620,83.12,11.35,45.58,122.92,388,18,292.2,35,1,84,4273,26.49
28,2,146,1061,A,Night,2025-01-02 03:00:00,5566,81.51,14.16,68.22,117.64,348,12,192.28,19,8,84,4635,24.16
29,4,114,1032,C,Morning,2025-01-02 04:00:00,5703,87.57,9.64,53.37,130.67,334,9,256.8,15,2,78,3403,24.14
30,4,131,1084,A,Night,2025-01-02 05:00:00,6242,79.12,11.63,49.55,126.03,315,10,201.35,4,3,82,2547,28.63
31,3,110,1034,D,Night,2025-01-02 06:00:00,5184,80.54,12.21,63.82,96.94,189,5,216.51,23,8,92,3384,23.02
32,4,122,1051,C,Night,2025-01-02 07:00:00,6092,79.02,12.91,64.74,105.6,351,1,172.73,29,3,70,1316,28.15
33,4,125,1033,C,Evening,2025-01-02 08:00:00,6852,78.2,12.25,51.53,117.4,335,0,200.62,29,1,78,1390,20.31
34,1,133,1040,D,Morning,2025-01-02 09:00:00,6153,76.97,10.62,57.23,119.36,399,10,200.39,38,9,72,4321,20.27
35,3,145,1050,A,Morning,2025-01-02 10:00:00,6590,73.02,13.75,56.1,106.92,265,15,195.39,56,8,99,601,24.07
36,5,133,1046,C,Morning,2025-01-02 11:00:00,6913,68.77,12.0,32.38,139.56,81,2,257.54,47,4,78,2971,34.61
37,3,128,1081,A,Night,2025-01-02 12:00:00,6632,74.35,9.5,43.83,132.97,352,4,179.35,46,8,89,486,30.43
38,5,103,1057,C,Night,2025-01-02 13:00:00,5847,77.83,12.31,62.54,95.33,137,14,261.95,36,5,94,511,29.49
39,1,116,1074,B,Evening,2025-01-02 14:00:00,5598,75.36,12.71,48.34,125.18,112,14,290.24,32,3,98,2106,17.14
40,2,134,1056,C,Morning,2025-01-02 15:00:00,5805,69.67,14.94,59.24,119.31,459,3,214.44,19,1,84,2247,24.73
41,4,112,1022,D,Night,2025-01-02 16:00:00,6654,74.17,12.61,57.1,138.66,436,3,246.6,53,5,93,3968,28.11
42,1,140,1047,D,Morning,2025-01-02 17:00:00,6743,73.91,9.78,64.72,96.45,328,7,236.57,21,6,76,1438,34.43
43,4,138,1021,A,Evening,2025-01-02 18:00:00,6357,74.69,9.83,44.09,150.9,123,6,233.54,40,4,73,452,15.58
44,2,114,1016,C,Evening,2025-01-02 19:00:00,6948,77.45,13.89,58.15,107.36,355,16,147.78,57,7,94,3288,27.65
45,2,128,1068,A,Evening,2025-01-02 20:00:00,6177,78.53,10.8,54.48,125.68,469,14,204.93,20,3,89,1402,29.32
46,1,128,1010,A,Morning,2025-01-02 21:00:00,6570,72.5,9.68,48.68,110.9,173,4,308.46,36,7,86,946,26.26
47,2,110,1093,B,Night,2025-01-02 22:00:00,5078,79.91,13.5,48.63,114.36,318,12,262.95,53,1,91,625,17.25
48,5,131,1014,B,Night,2025-01-02 23:00:00,5578,80.66,11.29,56.82,94.66,431,3,240.34,26,7,73,2624,25.27
49,2,101,1090,D,Evening,2025-01-03 00:00:00,6878,76.6,13.42,60.04,137.95,334,16,169.17,37,1,95,1978,26.14
50,4,146,1034,A,Night,2025-01-03 01:00:00,5412,78.32,10.63,55.51,115.96,471,16,273.73,34,1,88,4205,24.89
51,4,113,1032,D,Evening,2025-01-03 02:00:00,5545,79.92,14.21,55.76,116.98,170,13,213.53,37,2,97,3730,20.58
52,4,119,1083,C,Morning,2025-01-03 03:00:00,6632,69.51,13.31,51.01,154.69,395,13,200.5,39,2,74,3909,19.96
53,4,121,1015,A,Evening,2025-01-03 04:00:00,5168,80.27,10.92,51.54,134.39,261,16,204.51,59,4,85,2919,26.28
54,5,110,1033,A,Morning,2025-01-03 05:00:00,5680,71.05,9.51,48.66,109.97,438,7,270.43,5,1,72,3007,20.62
55,3,126,1065,C,Evening,2025-01-03 06:00:00,6686,71.54,15.46,50.85,110.85,197,1,247.16,31,4,80,3177,20.73
56,1,102,1098,C,Night,2025-01-03 07:00:00,5582,75.98,11.68,59.76,123.9,127,12,284.58,15,2,94,3930,23.3
57,4,116,1039,D,Night,2025-01-03 08:00:00,5514,64.28,10.86,60.65,131.56,414,15,295.03,27,4,97,1158,24.8
58,2,143,1027,D,Evening,2025-01-03 09:00:00,6337,75.88,14.08,44.79,146.29,63,15,220.42,15,4,91,2589,29.19
59,4,127,1046,C,Night,2025-01-03 10:00:00,5031,79.91,13.42,47.83,95.88,185,5,248.29,26,9,84,3748,18.02
60,2,128,1038,D,Night,2025-01-03 11:00:00,5286,66.77,13.77,49.32,130.91,353,3,237.88,52,9,88,3364,17.53
61,2,120,1069,C,Night,2025-01-03 12:00:00,5593,80.45,11.85,54.49,133.32,446,2,195.53,2,1,90,3701,22.09
62,4,146,1072,A,Morning,2025-01-03 13:00:00,6066,71.51,14.82,41.53,108.16,329,5,201.28,48,5,93,2393,15.0
63,5,115,1019,A,Night,2025-01-03 14:00:00,6926,76.03,10.03,47.97,114.6,128,3,243.43,20,7,83,774,26.93
64,2,136,1000,B,Morning,2025-01-03 15:00:00,5616,72.23,11.17,43.92,95.55,292,17,247.72,37,4,85,1978,14.03
65,2,119,1071,A,Evening,2025-01-03 16:00:00,6024,77.86,12.58,58.2,112.49,242,5,247.8,37,5,93,1111,27.54
66,4,105,1086,C,Night,2025-01-03 17:00:00,6596,80.12,13.75,54.76,123.48,467,4,247.87,29,2,75,893,29.55
67,2,118,1062,D,Night,2025-01-03 18:00:00,5269,78.24,12.99,51.3,143.91,291,8,217.36,21,3,74,332,25.3
68,2,104,1066,B,Night,2025-01-03 19:00:00,6203,74.98,11.88,46.49,145.3,100,10,334.86,18,7,90,3127,14.71
69,4,102,1003,D,Evening,2025-01-03 20:00:00,6759,72.62,11.29,51.42,104.56,281,5,259.27,30,7,86,3709,24.53
70,4,100,1057,C,Morning,2025-01-03 21:00:00,5517,74.65,13.76,50.48,141.87,308,15,226.98,19,4,85,2273,20.02
71,1,137,1024,A,Morning,2025-01-03 22:00:00,6126,78.28,13.15,68.08,90.76,433,18,266.09,46,1,71,3484,17.99
72,5,114,1046,B,Night,2025-01-03 23:00:00,6033,78.45,10.69,62.98,111.23,424,10,215.95,18,1,97,4706,26.9
73,5,133,1037,C,Evening,2025-01-04 00:00:00,5582,77.75,10.64,49.47,115.47,267,14,251.07,1,4,80,2428,27.83
74,2,134,1014,B,Evening,2025-01-04 01:00:00,6113,68.59,11.18,56.32,123.78,255,8,266.03,39,4,73,897,30.43
75,5,148,1062,B,Evening,2025-01-04 02:00:00,5225,74.88,10.99,62.55,121.6,363,18,272.04,38,6,75,3784,22.58
76,2,124,1020,A,Evening,2025-01-04 03:00:00,5669,71.83,13.54,49.47,125.49,430,18,199.71,26,7,96,4587,24.86
77,1,123,1098,C,Evening,2025-01-04 04:00:00,6763,78.32,12.65,43.66,117.26,418,8,371.16,7,9,76,4577,32.33
78,4,111,1056,D,Morning,2025-01-04 05:00:00,5916,71.18,12.84,40.63,134.39,360,3,297.27,44,9,86,2689,34.48
79,4,117,1052,B,Morning,2025-01-04 06:00:00,5125,77.26,12.29,65.18,130.38,424,9,331.3,53,5,77,4801,29.4
80,4,114,1045,B,Morning,2025-01-04 07:00:00,5955,73.59,12.36,53.47,115.66,169,8,239.76,26,3,97,4311,22.25
81,5,143,1013,D,Night,2025-01-04 08:00:00,6232,65.6,9.63,57.33,132.64,129,18,259.87,14,3,70,608,24.04
82,1,115,1099,C,Evening,2025-01-04 09:00:00,6120,79.65,13.19,50.41,151.03,91,14,251.46,11,6,94,1563,23.11
83,5,126,1075,B,Night,2025-01-04 10:00:00,5073,74.87,11.15,44.86,109.9,70,18,228.12,46,1,84,3462,27.53
84,5,107,1016,B,Evening,2025-01-04 11:00:00,6650,81.38,11.95,46.35,145.13,59,1,280.3,13,7,89,3210,19.9
85,1,145,1038,B,Morning,2025-01-04 12:00:00,6214,66.67,11.29,44.27,111.25,362,9,214.65,6,3,81,1147,25.61
86,1,124,1008,C,Night,2025-01-04 13:00:00,6705,73.54,12.22,61.8,141.15,202,18,277.93,16,5,84,4971,25.63
87,1,116,1098,C,Morning,2025-01-04 14:00:00,6842,73.92,12.86,66.94,111.81,361,16,230.08,25,7,92,4535,25.92
88,1,128,1076,D,Evening,2025-01-04 15:00:00,6983,76.35,10.49,55.3,131.48,343,19,265.96,36,7,96,268,18.89
89,4,107,1078,C,Evening,2025-01-04 16:00:00,6739,68.37,12.38,42.86,122.69,135,1,308.47,19,9,99,1661,25.24
90,3,114,1081,C,Evening,2025-01-04 17:00:00,5055,77.72,11.33,58.97,93.22,162,18,244.68,9,1,91,3272,32.85
91,3,126,1096,A,Morning,2025-01-04 18:00:00,5719,84.56,13.98,65.12,148.73,238,16,281.21,18,3,84,674,21.72
92,1,145,1005,D,Evening,2025-01-04 19:00:00,5552,77.37,10.33,62.77,106.57,161,17,229.64,17,9,98,1842,25.3
93,3,149,1090,B,Morning,2025-01-04 20:00:00,5031,75.46,10.5,54.77,100.96,224,16,202.75,29,8,78,4670,14.79
94,3,106,1022,C,Night,2025-01-04 21:00:00,6550,68.11,11.46,53.12,110.41,359,1,316.47,29,2,85,4116,25.26
95,1,102,1058,B,Evening,2025-01-04 22:00:00,5573,71.13,10.61,54.7,157.97,351,18,279.91,24,8,99,2458,25.08
96,3,128,1090,B,Evening,2025-01-04 23:00:00,5666,74.72,11.66,64.8,101.19,53,0,244.62,23,8,71,4124,24.58
97,5,143,1097,A,Evening,2025-01-05 00:00:00,5283,72.35,11.21,61.08,122.67,271,10,277.86,9,2,84,630,27.65
98,2,123,1045,C,Night,2025-01-05 01:00:00,6744,80.13,12.13,51.91,103.15,499,9,209.34,1,8,84,1090,22.6
99,2,102,1037,D,Evening,2025-01-05 02:00:00,6855,77.67,13.51,51.71,105.72,270,4,267.69,37,3,96,2220,29.88
100,1,119,1013,C,Morning,2025-01-05 03:00:00,6517,88.46,12.11,51.15,96.01,220,15,258.68,31,7,76,2541,19.58
101,4,145,1099,B,Morning,2025-01-05 04:00:00,5186,70.1,12.24,46.48,124.73,367,4,276.02,34,9,96,2628,31.22
102,1,114,1071,D,Evening,2025-01-05 05:00:00,5497,75.17,10.41,65.81,117.58,262,11,315.67,50,4,90,2620,25.06
103,4,124,1061,C,Evening,2025-01-05 06:00:00,6465,68.08,11.8,48.7,103.03,302,3,307.93,36,6,82,4508,23.64
104,2,129,1034,B,Night,2025-01-05 07:00:00,5129,63.89,11.37,58.92,133.1,173,5,194.45,6,9,92,1561,16.84
105,1,113,1018,B,Night,2025-01-05 08:00:00,5638,78.61,13.02,49.71,134.68,177,18,170.19,6,5,86,1051,18.45
106,5,106,1029,A,Night,2025-01-05 09:00:00,6315,77.48,10.85,51.18,126.11,262,8,259.83,26,1,80,1064,25.75
107,3,116,1077,A,Evening,2025-01-05 10:00:00,5113,70.73,10.71,54.09,137.56,161,11,256.77,9,3,96,2234,20.42
108,4,143,1083,A,Night,2025-01-05 11:00:00,6222,75.47,12.48,59.36,114.76,134,14,204.55,32,9,79,4554,28.98
109,3,119,1024,B,Night,2025-01-05 12:00:00,5012,71.85,14.97,52.93,124.84,53,15,211.57,42,3,94,794,25.44
110,3,135,1039,C,Morning,2025-01-05 13:00:00,6294,72.53,11.74,45.89,114.82,114,12,219.19,54,2,70,2344,16.87
111,1,108,1087,A,Night,2025-01-05 14:00:00,6624,73.4,12.25,55.15,97.39,367,6,303.4,6,4,83,2903,27.81
112,3,137,1013,C,Morning,2025-01-05 15:00:00,6238,70.52,13.42,48.87,123.29,395,19,231.1,5,5,74,4011,23.19
113,5,147,1025,A,Morning,2025-01-05 16:00:00,5443,71.42,12.76,67.35,122.38,169,3,189.84,5,7,99,3124,23.77
114,3,121,1086,D,Night,2025-01-05 17:00:00,6813,71.56,12.77,52.92,119.55,292,10,247.42,12,7,77,1508,29.22
115,1,101,1021,D,Morning,2025-01-05 18:00:00,6535,77.11,11.86,49.66,125.61,435,7,249.89,47,9,70,4693,17.03
116,5,123,1047,A,Evening,2025-01-05 19:00:00,5446,61.13,11.89,70.8,141.18,186,5,208.72,12,8,76,3078,18.38
117,2,107,1082,B,Evening,2025-01-05 20:00:00,5985,73.86,10.87,60.91,116.93,296,9,273.62,1,2,71,561,25.63
118,3,110,1050,A,Night,2025-01-05 21:00:00,5992,69.56,12.73,47.83,105.64,490,6,295.49,18,8,76,1717,15.51
119,1,112,1002,A,Evening,2025-01-05 22:00:00,5714,69.74,12.7,48.67,116.28,94,6,235.78,50,8,76,516,20.96
120,2,116,1041,B,Morning,2025-01-05 23:00:00,5073,72.37,13.08,58.79,117.95,195,3,189.84,18,5,78,1488,28.89
121,2,107,1018,D,Evening,2025-01-06 00:00:00,5536,74.93,11.27,55.35,134.75,417,2,239.05,49,3,91,4467,23.46
122,4,120,1072,C,Night,2025-01-06 01:00:00,5100,73.93,13.25,62.12,121.6,225,6,262.07,56,9,73,4587,17.13
123,5,117,1027,A,Night,2025-01-06 02:00:00,5175,69.68,13.7,49.7,102.78,91,3,163.68,37,7,92,2694,24.95
124,3,129,1083,B,Morning,2025-01-06 03:00:00,5426,78.61,10.18,60.61,132.08,346,12,269.26,1,1,76,4920,21.98
125,1,117,1044,A,Night,2025-01-06 04:00:00,6140,70.49,11.55,37.09,129.68,138,19,235.0,50,8,89,1846,20.49
126,4,145,1070,B,Evening,2025-01-06 05:00:00,6189,71.33,13.76,53.76,121.61,267,16,251.75,25,5,87,3601,41.78
127,5,146,1077,C,Night,2025-01-06 06:00:00,5040,76.42,11.03,50.06,134.22,491,6,238.42,5,6,82,2959,26.87
128,4,130,1062,C,Morning,2025-01-06 07:00:00,5428,76.6,12.79,51.36,136.73,277,16,219.86,19,9,80,4078,22.58
129,5,137,1072,D,Night,2025-01-06 08:00:00,5343,71.94,12.01,54.18,114.34,347,3,245.56,22,8,78,4590,28.49
130,5,131,1018,B,Evening,2025-01-06 09:00:00,6447,60.32,12.5,64.11,106.5,340,10,229.64,53,3,83,4857,22.55
131,3,110,1046,B,Morning,2025-01-06 10:00:00,5365,70.57,12.06,45.77,119.82,471,2,235.7,14,5,77,952,21.41
132,5,144,1013,D,Evening,2025-01-06 11:00:00,6143,75.81,13.12,37.5,128.05,116,10,214.78,5,4,90,3390,25.5
133,4,124,1037,D,Morning,2025-01-06 12:00:00,5608,78.44,10.47,46.7,118.42,300,2,271.47,27,1,83,1811,26.54
134,5,132,1052,B,Night,2025-01-06 13:00:00,5656,74.6,10.63,63.18,105.17,90,11,299.47,34,5,90,2625,28.63
135,3,137,1060,D,Morning,2025-01-06 14:00:00,5727,72.61,14.2,41.84,122.44,148,0,215.07,10,7,86,3746,31.12
136,3,140,1035,C,Morning,2025-01-06 15:00:00,5228,86.47,15.15,50.42,89.5,355,3,245.33,7,1,96,2130,29.94
137,4,107,1039,A,Night,2025-01-06 16:00:00,5824,73.14,11.99,61.72,115.13,409,13,206.19,56,4,94,336,28.28
138,2,110,1080,C,Evening,2025-01-06 17:00:00,6153,78.06,14.57,54.53,132.77,391,0,265.52,53,6,96,1156,28.8
139,2,121,1029,D,Night,2025-01-06 18:00:00,6375,68.32,10.84,64.03,133.58,128,13,258.97,49,9,83,2360,29.92
140,5,123,1008,B,Morning,2025-01-06 19:00:00,5888,69.55,11.2,38.72,63.6,350,12,226.84,48,8,95,2526,27.55
141,1,140,1063,B,Night,2025-01-06 20:00:00,6341,78.24,14.19,52.43,117.11,248,12,246.69,50,2,96,1125,16.07
142,5,116,1032,C,Morning,2025-01-06 21:00:00,5983,80.22,13.21,65.7,128.99,196,14,284.61,50,3,93,1008,26.49
143,4,111,1051,B,Night,2025-01-06 22:00:00,6672,73.05,14.41,45.98,102.36,155,16,185.71,23,5,74,549,30.88
144,4,145,1088,D,Night,2025-01-06 23:00:00,5835,65.76,12.7,63.28,114.42,450,11,198.33,20,7,79,668,19.99
145,4,131,1013,C,Evening,2025-01-07 00:00:00,6360,74.16,10.48,53.11,138.12,242,13,273.27,48,3,75,3598,22.04
146,4,114,1074,B,Morning,2025-01-07 01:00:00,6296,75.95,12.34,58.47,112.74,171,11,252.18,58,7,97,2960,23.7
147,4,115,1052,A,Evening,2025-01-07 02:00:00,5116,75.49,13.8,65.12,143.98,126,17,247.19,35,5,79,2426,24.95
148,3,121,1098,A,Morning,2025-01-07 03:00:00,5817,72.18,11.8,58.44,108.88,361,3,287.72,6,6,80,4409,21.22
149,2,127,1058,D,Night,2025-01-07 04:00:00,5367,74.24,11.57,50.27,141.15,161,13,278.18,4,6,95,1408,24.29
150,4,119,1077,B,Morning,2025-01-07 05:00:00,6117,71.25,12.73,59.5,120.5,398,18,318.6,57,4,93,817,26.57
151,1,132,1093,D,Evening,2025-01-07 06:00:00,5167,69.44,11.16,49.71,106.83,346,12,285.8,28,8,75,1069,13.95
152,1,109,1040,C,Evening,2025-01-07 07:00:00,5953,78.78,12.44,57.19,141.2,219,17,271.03,15,9,79,3445,24.37
153,1,139,1067,A,Evening,2025-01-07 08:00:00,6738,75.49,12.1,44.99,101.9,55,10,247.84,5,2,83,2585,22.09
154,1,131,1067,C,Morning,2025-01-07 09:00:00,6364,74.25,11.26,55.23,108.06,246,5,244.23,13,9,89,3755,15.47
155,3,149,1091,B,Evening,2025-01-07 10:00:00,5660,72.46,13.47,64.51,127.35,147,8,249.87,57,4,72,2818,26.82
156,1,132,1007,D,Evening,2025-01-07 11:00:00,6937,74.1,12.97,52.61,121.21,378,11,258.92,51,6,76,1003,25.56
157,4,101,1001,D,Evening,2025-01-07 12:00:00,5694,75.8,11.47,63.75,124.11,279,18,201.73,1,7,98,1550,24.82
158,5,132,1085,D,Night,2025-01-07 13:00:00,5924,83.64,11.98,79.75,114.48,217,13,260.54,24,4,71,1555,27.05
159,1,132,1040,C,Night,2025-01-07 14:00:00,5151,78.27,11.59,54.77,102.01,346,14,240.27,30,8,76,4330,25.61
160,3,140,1054,A,Morning,2025-01-07 15:00:00,5585,71.67,11.04,59.91,110.22,314,10,264.28,49,8,86,631,20.31
161,3,112,1015,C,Morning,2025-01-07 16:00:00,6900,71.72,9.45,58.81,139.81,57,5,226.89,49,1,82,2367,27.61
162,1,129,1092,C,Evening,2025-01-07 17:00:00,5912,70.94,11.27,56.8,99.95,221,13,223.62,12,8,95,432,28.47
163,5,132,1061,B,Night,2025-01-07 18:00:00,5273,74.0,11.06,61.3,144.67,491,2,259.23,59,3,90,1421,18.57
164,1,112,1047,B,Evening,2025-01-07 19:00:00,6577,70.94,12.17,53.02,124.74,409,18,269.09,17,5,78,4152,28.4
165,3,125,1029,B,Evening,2025-01-07 20:00:00,5495,77.37,12.66,49.7,111.05,244,19,225.84,16,8,82,1808,22.58
166,2,121,1011,A,Night,2025-01-07 21:00:00,6747,61.78,10.8,42.79,89.97,318,10,302.77,44,6,84,3626,27.06
167,4,138,1034,A,Night,2025-01-07 22:00:00,5100,77.68,12.56,52.26,91.94,68,16,302.49,27,4,82,500,24.76
168,3,101,1010,B,Night,2025-01-07 23:00:00,5556,76.38,10.57,62.21,114.66,403,16,186.71,11,4,86,3730,23.14
169,1,137,1063,B,Morning,2025-01-08 00:00:00,6105,81.31,11.81,47.48,112.84,401,2,218.92,34,4,77,3137,26.7
170,4,138,1049,A,Morning,2025-01-08 01:00:00,6552,79.38,11.1,56.97,121.77,98,13,254.65,21,6,78,4091,22.33
171,1,125,1084,D,Evening,2025-01-08 02:00:00,5072,71.58,13.12,54.02,145.79,405,6,264.83,38,7,78,1578,29.4
172,1,145,1020,A,Morning,2025-01-08 03:00:00,6037,78.82,12.18,50.03,128.06,387,18,335.29,0,5,77,2014,30.22
173,2,149,1068,A,Night,2025-01-08 04:00:00,6456,74.16,11.83,40.18,118.07,207,2,255.64,36,8,85,1157,21.26
174,4,114,1047,A,Night,2025-01-08 05:00:00,5156,65.33,11.06,65.9,138.25,115,1,245.34,20,7,89,3093,23.16
175,4,133,1019,B,Morning,2025-01-08 06:00:00,5734,75.79,11.51,59.14,122.26,396,16,204.48,0,8,99,141,22.13
176,2,141,1066,D,Evening,2025-01-08 07:00:00,5131,71.88,14.74,76.32,144.0,108,8,186.58,3,4,99,4996,25.88
177,3,143,1043,A,Evening,2025-01-08 08:00:00,6361,75.0,11.25,63.64,109.92,358,5,244.65,31,8,76,2270,30.55
178,1,148,1032,B,Morning,2025-01-08 09:00:00,6018,83.26,12.72,65.72,102.78,357,8,332.3,57,6,86,126,15.66
179,5,139,1072,C,Evening,2025-01-08 10:00:00,6427,76.12,11.83,41.01,90.0,386,4,241.53,0,3,76,3633,16.91
180,1,110,1060,C,Evening,2025-01-08 11:00:00,6399,69.91,12.68,40.87,118.42,208,1,219.09,12,8,75,2718,23.58
181,1,102,1008,A,Evening,2025-01-08 12:00:00,6911,79.82,13.26,55.34,101.48,320,14,268.08,45,7,74,1270,24.93
182,3,105,1067,C,Night,2025-01-08 13:00:00,5558,76.81,11.47,45.82,101.27,170,8,169.78,46,5,86,3798,19.29
183,1,108,1034,D,Night,2025-01-08 14:00:00,5106,69.32,13.06,49.55,135.51,303,18,253.17,16,4,77,810,24.9
184,2,105,1080,C,Morning,2025-01-08 15:00:00,6643,66.97,16.13,75.21,94.17,453,9,282.98,11,1,95,3299,20.3
185,2,108,1097,C,Night,2025-01-08 16:00:00,5264,70.11,12.85,64.52,121.55,310,3,212.1,6,3,70,2523,21.77
186,4,138,1087,D,Evening,2025-01-08 17:00:00,6228,79.18,14.42,47.51,118.75,184,9,304.75,54,2,85,2118,30.35
187,5,130,1095,A,Night,2025-01-08 18:00:00,6102,73.49,12.72,36.07,121.38,323,7,276.39,50,8,86,4860,22.28
188,1,131,1064,A,Morning,2025-01-08 19:00:00,5154,75.41,10.6,46.84,140.76,105,12,305.12,54,8,99,4978,22.2
189,1,140,1007,D,Night,2025-01-08 20:00:00,6806,68.31,12.41,50.54,107.61,380,6,194.95,2,5,72,2998,24.66
190,3,149,1044,D,Evening,2025-01-08 21:00:00,5987,79.32,11.5,52.43,140.77,145,6,242.77,49,5,82,2147,29.46
191,2,111,1086,D,Evening,2025-01-08 22:00:00,5996,64.92,11.11,44.77,93.6,163,3,286.89,25,4,77,1658,23.78
192,5,107,1046,C,Morning,2025-01-08 23:00:00,5246,71.72,11.89,64.04,129.76,406,14,190.09,30,1,85,3694,21.21
193,4,107,1039,D,Night,2025-01-09 00:00:00,5530,77.09,11.77,49.31,142.15,478,11,287.88,35,1,93,1822,26.9
194,2,149,1075,B,Night,2025-01-09 01:00:00,5857,69.39,10.41,60.19,59.19,77,15,242.81,25,6,99,4152,28.06
195,4,127,1053,C,Night,2025-01-09 02:00:00,6971,78.07,16.06,55.43,119.47,355,5,287.59,2,4,76,1751,29.72
196,3,119,1075,A,Evening,2025-01-09 03:00:00,5537,70.65,13.21,62.51,118.25,51,8,258.7,43,4,90,1878,23.82
197,3,146,1045,A,Morning,2025-01-09 04:00:00,5728,68.87,12.37,53.1,121.08,261,2,306.43,54,3,84,783,26.38
198,1,106,1046,A,Night,2025-01-09 05:00:00,6177,81.43,12.13,47.6,145.67,117,7,198.32,27,9,93,1379,27.95
199,5,110,1014,C,Evening,2025-01-09 06:00:00,5153,75.77,13.8,50.21,108.55,177,6,263.16,43,3,71,2394,24.91
200,4,119,1018,B,Evening,2025-01-09 07:00:00,6709,77.6,15.11,50.32,102.23,382,3,189.54,16,8,93,2110,30.6
201,2,115,1025,D,Evening,2025-01-09 08:00:00,5091,80.09,13.03,71.52,121.19,73,12,266.78,37,2,97,1315,27.26
202,3,103,1051,D,Night,2025-01-09 09:00:00,6456,61.9,12.18,55.61,136.86,302,18,263.11,46,4,96,2682,33.41
203,1,105,1092,A,Night,2025-01-09 10:00:00,5337,78.17,14.21,55.04,128.38,417,6,238.6,29,1,71,1993,28.59
204,1,121,1021,A,Night,2025-01-09 11:00:00,6503,71.19,12.21,62.06,120.51,279,9,218.65,1,5,79,413,14.37
205,4,125,1020,C,Night,2025-01-09 12:00:00,6716,71.85,12.65,55.0,116.56,225,11,236.99,7,2,74,4094,22.01
206,3,102,1050,B,Night,2025-01-09 13:00:00,6154,77.19,13.5,63.97,89.9,478,2,253.91,13,1,96,543,15.91
207,5,140,1037,D,Night,2025-01-09 14:00:00,5449,73.18,11.42,52.02,128.79,424,11,261.37,36,1,98,1771,20.81
208,3,141,1019,C,Night,2025-01-09 15:00:00,5809,77.97,8.89,51.21,130.58,270,18,327.29,34,2,73,3016,22.14
209,4,113,1028,D,Night,2025-01-09 16:00:00,5786,74.8,11.35,47.16,109.61,491,14,284.94,41,5,84,3366,28.34
210,4,110,1050,A,Night,2025-01-09 17:00:00,5272,75.84,13.16,69.8,113.03,85,7,226.52,38,9,82,4777,21.8
211,3,117,1003,D,Evening,2025-01-09 18:00:00,6952,72.55,13.05,54.44,104.28,51,11,273.18,10,6,86,4743,30.97
212,4,111,1054,B,Night,2025-01-09 19:00:00,5587,69.68,14.01,45.61,133.02,432,19,285.25,14,4,90,3195,20.66
213,3,122,1070,B,Morning,2025-01-09 20:00:00,5176,71.3,11.4,56.57,114.51,410,5,223.76,1,3,92,4660,22.56
214,2,111,1091,A,Evening,2025-01-09 21:00:00,6719,74.49,14.37,49.8,117.76,323,9,278.09,36,8,70,1964,17.8
215,3,112,1027,B,Night,2025-01-09 22:00:00,5830,84.19,12.28,51.88,129.44,226,1,190.53,42,3,87,815,31.22
216,3,124,1003,B,Morning,2025-01-09 23:00:00,5642,82.36,12.91,57.49,124.9,313,12,222.3,31,1,97,991,31.89
217,4,144,1021,C,Night,2025-01-10 00:00:00,6898,71.73,13.36,67.17,128.45,235,6,193.03,39,4,84,3907,23.34
218,4,118,1075,D,Morning,2025-01-10 01:00:00,6072,75.3,9.93,55.81,122.62,64,7,241.56,12,5,83,600,16.6
219,1,145,1044,A,Morning,2025-01-10 02:00:00,5566,73.56,10.49,49.31,122.96,450,15,231.05,42,5,78,2882,22.96
220,1,135,1066,A,Morning,2025-01-10 03:00:00,5665,75.65,10.44,50.96,122.81,328,10,234.12,16,5,81,2740,25.16
221,2,144,1085,A,Morning,2025-01-10 04:00:00,6378,76.29,13.61,60.25,126.79,243,3,282.62,14,8,74,4602,20.83
222,1,107,1065,A,Evening,2025-01-10 05:00:00,6735,77.64,11.54,39.33,127.52,247,16,253.62,32,8,99,1453,35.75
223,3,128,1087,A,Evening,2025-01-10 06:00:00,6331,60.49,15.04,46.66,101.63,398,15,282.01,50,4,98,802,33.13
224,4,131,1033,B,Morning,2025-01-10 07:00:00,5867,76.83,12.01,56.7,111.04,460,18,315.05,15,9,92,2433,15.26
225,1,143,1090,C,Night,2025-01-10 08:00:00,6908,73.01,9.79,41.35,116.95,470,10,333.79,50,1,71,2294,18.23
226,1,117,1054,A,Morning,2025-01-10 09:00:00,6653,71.48,10.99,52.5,126.78,354,6,244.41,12,5,92,2109,26.29
227,2,105,1000,C,Evening,2025-01-10 10:00:00,6798,78.97,12.18,51.17,143.96,113,12,271.39,54,5,92,483,18.64
228,2,117,1071,C,Night,2025-01-10 11:00:00,6069,82.33,12.77,62.02,107.8,339,18,243.81,21,5,76,2158,24.91
229,3,118,1086,B,Evening,2025-01-10 12:00:00,5301,78.45,10.52,53.0,133.18,67,16,290.57,22,8,90,2423,24.05
230,4,121,1037,A,Evening,2025-01-10 13:00:00,5867,72.41,12.85,64.49,111.47,113,12,282.79,35,9,78,985,23.8
231,2,136,1005,B,Night,2025-01-10 14:00:00,5911,69.62,13.25,55.63,140.56,411,11,223.58,42,3,87,1691,29.09
232,1,131,1085,A,Morning,2025-01-10 15:00:00,5407,59.97,11.04,69.21,148.69,379,6,229.47,49,9,73,4498,33.04
233,4,140,1024,B,Morning,2025-01-10 16:00:00,6212,75.91,14.95,43.9,93.78,407,0,305.44,49,8,71,2351,25.98
234,4,102,1081,C,Morning,2025-01-10 17:00:00,5821,77.9,11.2,67.94,115.1,300,0,228.03,9,3,93,4540,17.94
235,1,127,1016,A,Morning,2025-01-10 18:00:00,6853,74.49,10.5,51.71,84.75,477,19,245.53,16,2,97,1883,24.72
236,2,109,1060,D,Night,2025-01-10 19:00:00,6152,79.67,9.71,66.79,94.65,66,13,277.0,29,4,96,4217,21.08
237,1,134,1011,C,Night,2025-01-10 20:00:00,5560,68.4,13.83,64.48,95.59,492,14,243.38,12,2,70,2683,33.96
238,4,128,1005,D,Night,2025-01-10 21:00:00,6560,74.14,12.03,32.18,129.36,190,10,311.36,29,4,94,1829,27.47
239,5,114,1089,C,Evening,2025-01-10 22:00:00,6289,73.75,11.28,58.83,126.55,357,8,291.32,56,5,81,362,26.01
240,5,132,1026,B,Night,2025-01-10 23:00:00,6141,74.45,9.79,62.98,132.02,493,16,214.63,45,2,82,2731,27.25
241,3,106,1007,A,Morning,2025-01-11 00:00:00,5463,80.84,11.42,65.63,129.12,475,3,226.58,29,8,83,3926,23.81
242,1,111,1082,C,Evening,2025-01-11 01:00:00,5143,74.48,15.57,45.59,127.28,369,19,273.5,6,1,74,2530,30.26
243,1,148,1064,B,Morning,2025-01-11 02:00:00,5441,73.53,8.78,59.72,121.68,294,18,247.92,9,3,96,491,21.15
244,3,129,1056,A,Morning,2025-01-11 03:00:00,6223,70.32,11.05,56.56,118.04,499,6,172.38,34,7,97,3036,28.8
245,3,120,1092,A,Night,2025-01-11 04:00:00,6180,81.64,14.69,58.45,135.29,339,0,211.16,1,1,72,3772,31.96
246,3,130,1098,C,Night,2025-01-11 05:00:00,5486,67.84,13.87,62.99,120.18,400,8,259.36,29,2,97,639,19.93
247,4,123,1039,A,Morning,2025-01-11 06:00:00,5859,72.24,11.14,64.25,127.88,136,12,285.62,18,3,96,1215,25.69
248,1,119,1013,C,Morning,2025-01-11 07:00:00,6157,83.47,12.31,49.75,85.05,248,1,286.19,38,2,73,983,26.08
249,4,136,1034,A,Evening,2025-01-11 08:00:00,6935,77.34,12.69,57.12,102.37,407,1,328.51,36,2,86,4423,18.63
250,3,103,1047,D,Night,2025-01-11 09:00:00,5147,74.9,12.2,55.33,134.7,497,14,222.34,59,6,88,2519,17.16
251,1,127,1083,B,Evening,2025-01-11 10:00:00,6359,75.11,14.68,53.09,109.97,210,16,224.25,2,7,80,1499,19.42
252,4,143,1055,D,Evening,2025-01-11 11:00:00,6094,70.27,12.51,53.85,99.07,189,12,248.99,24,6,77,1676,23.74
253,4,119,1048,C,Evening,2025-01-11 12:00:00,6256,74.66,13.7,56.57,129.62,125,6,182.96,33,6,81,2184,26.09
254,3,123,1012,D,Morning,2025-01-11 13:00:00,6357,73.25,12.27,50.18,120.02,68,8,249.88,54,9,87,4886,22.15
255,1,149,1060,C,Evening,2025-01-11 14:00:00,5810,75.9,8.95,62.06,113.9,442,11,242.18,57,8,87,1635,33.65
256,3,148,1048,A,Evening,2025-01-11 15:00:00,5665,67.47,10.21,65.15,142.64,379,2,281.67,21,8,78,4853,29.13
257,1,131,1045,A,Morning,2025-01-11 16:00:00,5089,76.99,10.52,48.44,140.06,450,14,288.46,37,6,74,189,26.26
258,5,140,1061,C,Night,2025-01-11 17:00:00,6357,80.08,11.63,65.55,117.18,99,6,264.29,13,5,90,4290,21.85
259,2,135,1007,D,Night,2025-01-11 18:00:00,5198,73.98,15.12,48.45,130.84,281,0,250.11,38,9,86,1754,24.35
260,2,133,1042,A,Evening,2025-01-11 19:00:00,6184,78.24,12.54,62.18,86.42,344,13,264.56,53,2,82,2001,29.51
261,2,135,1019,B,Morning,2025-01-11 20:00:00,5537,76.55,11.84,65.53,136.4,474,18,218.29,1,7,75,2779,28.6
262,3,101,1096,A,Night,2025-01-11 21:00:00,6144,71.96,13.86,54.24,103.7,443,15,246.69,31,6,93,2270,28.55
263,5,114,1089,B,Evening,2025-01-11 22:00:00,5300,69.71,9.82,48.52,98.22,61,9,250.67,42,7,91,465,22.48
264,1,133,1038,D,Evening,2025-01-11 23:00:00,5723,70.41,11.27,50.29,93.22,384,0,247.0,52,4,83,4060,21.39
265,4,135,1084,B,Morning,2025-01-12 00:00:00,6598,76.46,11.04,57.89,92.06,64,4,243.16,2,9,84,2472,16.86
266,1,105,1048,B,Evening,2025-01-12 01:00:00,5962,74.72,12.6,70.72,136.2,77,2,225.15,40,7,92,618,26.64
267,4,138,1063,B,Night,2025-01-12 02:00:00,6459,81.38,13.34,41.46,129.47,437,16,208.98,7,2,83,3810,16.41
268,1,141,1061,B,Morning,2025-01-12 03:00:00,5067,78.95,12.71,55.8,108.51,341,17,241.8,25,4,73,929,23.92
269,5,111,1053,A,Night,2025-01-12 04:00:00,6788,78.94,12.73,54.3,132.82,424,18,273.77,31,5,87,2733,21.9
270,4,102,1008,B,Night,2025-01-12 05:00:00,6945,76.32,11.46,51.35,111.08,370,17,180.5,10,2,70,370,25.11
271,3,144,1087,A,Night,2025-01-12 06:00:00,5458,70.19,12.48,54.35,124.85,299,15,230.11,49,8,81,3086,29.83
272,1,117,1036,B,Evening,2025-01-12 07:00:00,6537,76.63,10.74,50.66,112.77,147,1,332.76,0,1,91,3638,30.77
273,1,139,1048,C,Evening,2025-01-12 08:00:00,5397,75.32,13.01,64.95,118.2,352,14,242.28,14,3,78,4664,27.51
274,4,120,1040,D,Night,2025-01-12 09:00:00,5619,69.31,11.25,65.74,106.38,386,12,256.05,3,1,79,4914,20.18
275,3,114,1016,B,Night,2025-01-12 10:00:00,6309,81.05,10.32,55.71,108.6,88,12,323.55,3,5,90,1107,23.89
276,3,132,1087,C,Morning,2025-01-12 11:00:00,6584,80.51,12.06,53.87,128.16,87,15,262.78,27,8,97,2417,19.63
277,5,134,1020,B,Morning,2025-01-12 12:00:00,6163,69.28,9.13,51.06,130.57,349,7,263.69,9,7,87,704,20.73
278,3,125,1050,B,Evening,2025-01-12 13:00:00,5729,71.81,14.21,55.72,113.79,228,10,213.59,10,9,86,4573,26.41
279,3,107,1058,B,Evening,2025-01-12 14:00:00,5555,72.25,13.2,69.78,97.12,146,7,262.51,49,2,88,276,19.13
280,3,135,1038,C,Morning,2025-01-12 15:00:00,6952,78.05,12.51,54.17,157.07,429,9,249.41,22,8,73,2421,21.73
281,2,147,1054,D,Night,2025-01-12 16:00:00,5780,77.47,9.56,48.28,120.55,331,0,287.0,46,8,85,1814,18.65
282,5,129,1040,C,Evening,2025-01-12 17:00:00,6613,75.22,10.95,51.82,124.68,287,11,301.09,2,6,76,736,27.29
283,1,122,1038,D,Night,2025-01-12 18:00:00,6751,76.37,12.06,61.03,101.08,213,8,251.21,38,3,78,2723,22.2
284,4,141,1012,B,Morning,2025-01-12 19:00:00,5893,68.56,11.61,49.26,138.23,146,4,265.28,38,2,77,4255,12.92
285,1,143,1063,A,Evening,2025-01-12 20:00:00,5609,76.91,9.47,54.73,140.52,306,8,174.41,16,8,94,2878,32.17
286,5,113,1010,B,Evening,2025-01-12 21:00:00,5747,74.5,10.03,58.78,94.38,358,15,160.57,21,6,76,3852,29.07
287,4,113,1018,D,Morning,2025-01-12 22:00:00,5281,71.6,11.58,49.87,118.46,311,17,293.73,51,4,79,760,13.92
288,5,101,1010,C,Evening,2025-01-12 23:00:00,5660,67.34,10.08,40.88,117.29,342,7,150.2,26,5,77,4465,27.67
289,3,136,1076,B,Morning,2025-01-13 00:00:00,5923,75.13,14.06,46.43,155.83,307,10,263.09,55,5,93,3287,31.61
290,4,104,1045,C,Evening,2025-01-13 01:00:00,6839,76.78,12.74,48.13,141.65,298,19,243.05,15,9,86,4440,23.07
291,3,137,1044,C,Morning,2025-01-13 02:00:00,5995,66.49,10.79,53.17,98.24,294,18,299.25,15,9,81,4855,24.75
292,1,144,1000,C,Evening,2025-01-13 03:00:00,6959,75.09,13.75,55.35,109.08,300,3,248.59,39,8,83,184,22.41
293,1,140,1039,B,Night,2025-01-13 04:00:00,6601,75.61,13.45,61.59,106.61,172,19,322.09,2,8,81,3770,26.6
294,4,146,1018,C,Night,2025-01-13 05:00:00,5745,72.23,12.43,45.18,125.58,374,9,241.84,51,2,94,1006,29.17
295,4,113,1075,C,Night,2025-01-13 06:00:00,6480,76.9,11.94,60.43,143.58,218,12,295.85,46,3,71,3621,18.04
296,5,138,1071,B,Evening,2025-01-13 07:00:00,5086,74.34,11.55,52.03,121.64,484,19,190.07,32,8,81,1975,20.47
297,5,124,1071,C,Evening,2025-01-13 08:00:00,6102,76.42,11.19,40.72,127.52,224,13,157.92,41,5,96,4058,24.51
298,3,119,1060,B,Night,2025-01-13 09:00:00,6228,77.67,9.99,55.11,110.04,318,1,248.87,1,7,83,2236,25.55
299,4,101,1011,D,Night,2025-01-13 10:00:00,5790,77.67,14.29,65.53,127.44,253,3,193.98,38,8,76,2696,26.04
300,1,138,1060,D,Morning,2025-01-13 11:00:00,6360,80.08,11.22,62.06,112.92,374,6,247.6,45,6,98,953,23.04
301,5,105,1032,D,Morning,2025-01-13 12:00:00,6277,76.69,12.04,54.39,95.39,115,18,233.47,47,5,95,606,19.59
302,5,116,1044,C,Morning,2025-01-13 13:00:00,5303,72.61,10.63,64.01,126.46,364,16,274.21,26,8,95,507,28.93
303,1,124,1089,A,Night,2025-01-13 14:00:00,6403,71.76,11.61,56.54,119.85,373,15,207.43,59,1,82,623,17.89
304,5,127,1091,A,Night,2025-01-13 15:00:00,5129,69.68,16.28,62.85,103.54,108,12,266.99,14,1,90,3150,21.54
305,3,101,1068,C,Night,2025-01-13 16:00:00,5595,75.76,10.91,41.71,144.68,268,17,284.56,6,1,73,2497,24.09
306,4,134,1007,A,Morning,2025-01-13 17:00:00,6299,81.61,14.17,45.0,108.5,422,11,241.77,44,3,70,2999,26.43
307,1,136,1024,B,Evening,2025-01-13 18:00:00,6722,73.21,11.96,60.83,129.14,315,0,269.13,56,6,86,427,22.54
308,4,104,1090,A,Night,2025-01-13 19:00:00,5557,77.25,13.02,67.31,114.56,190,14,210.86,41,6,72,1935,27.77
309,5,100,1045,C,Evening,2025-01-13 20:00:00,5898,71.24,13.87,58.34,143.15,285,2,234.69,8,5,99,1409,30.25
310,5,139,1086,C,Evening,2025-01-13 21:00:00,6206,75.97,12.41,51.02,116.44,435,5,196.32,40,7,86,4818,20.89
311,1,111,1029,B,Evening,2025-01-13 22:00:00,6291,81.3,11.47,48.2,94.88,267,13,343.55,5,5,77,2635,25.96
312,3,135,1046,D,Morning,2025-01-13 23:00:00,6831,78.43,11.72,52.48,132.15,64,5,299.15,55,2,72,2141,25.23
313,2,144,1086,C,Evening,2025-01-14 00:00:00,6345,67.15,11.77,64.71,143.09,351,0,316.4,56,4,96,2634,22.29
314,1,122,1048,B,Night,2025-01-14 01:00:00,6535,77.85,14.8,52.26,113.59,490,19,298.58,11,1,79,2292,14.47
315,2,146,1046,A,Morning,2025-01-14 02:00:00,6635,78.08,9.77,63.38,130.18,187,5,223.47,29,7,71,855,25.77
316,2,130,1083,A,Night,2025-01-14 03:00:00,5077,75.87,9.34,60.22,121.94,455,7,188.62,54,4,91,245,26.32
317,3,110,1081,B,Night,2025-01-14 04:00:00,5783,78.34,9.44,68.71,114.26,281,14,233.04,19,4,73,3922,29.44
318,2,109,1017,B,Morning,2025-01-14 05:00:00,6362,70.83,10.66,56.6,132.61,138,13,269.01,19,4,98,3674,22.32
319,2,102,1065,C,Night,2025-01-14 06:00:00,5673,75.32,13.05,54.6,108.0,126,15,238.39,53,3,98,1727,20.66
320,3,113,1067,A,Night,2025-01-14 07:00:00,6579,80.55,13.14,63.78,120.49,185,19,160.61,45,8,83,1958,19.43
321,2,115,1093,B,Morning,2025-01-14 08:00:00,6532,80.1,11.09,47.52,123.86,454,15,279.88,26,4,80,4822,9.01
322,2,109,1032,A,Night,2025-01-14 09:00:00,5237,77.74,11.96,51.45,123.32,455,18,186.07,19,8,83,3698,21.98
323,2,128,1035,B,Evening,2025-01-14 10:00:00,6157,70.59,10.33,41.56,108.37,159,0,233.11,58,9,82,729,37.83
324,1,109,1081,A,Night,2025-01-14 11:00:00,6996,69.8,10.46,44.97,150.89,402,3,319.75,6,1,96,3266,30.35
325,1,111,1018,D,Evening,2025-01-14 12:00:00,6215,75.57,12.87,70.39,138.93,350,9,251.96,39,4,98,3618,19.04
326,1,129,1027,C,Night,2025-01-14 13:00:00,6379,75.9,13.57,60.54,134.86,140,19,293.07,39,6,73,4452,21.43
327,3,140,1039,A,Morning,2025-01-14 14:00:00,5277,74.5,11.28,44.03,141.5,473,17,263.87,29,8,71,4014,21.39
328,5,100,1083,D,Morning,2025-01-14 15:00:00,6041,70.98,14.45,64.56,121.03,419,1,209.64,7,6,71,1004,30.99
329,2,104,1096,A,Night,2025-01-14 16:00:00,5523,77.18,13.45,49.37,114.43,455,3,279.17,1,6,80,2717,35.12
330,2,119,1075,A,Morning,2025-01-14 17:00:00,5179,75.55,14.39,60.13,103.66,463,14,247.47,13,4,91,2889,24.45
331,3,107,1014,D,Night,2025-01-14 18:00:00,5122,76.45,11.55,60.01,109.45,239,3,190.57,9,9,74,207,25.32
332,2,142,1040,A,Morning,2025-01-14 19:00:00,6269,77.97,14.28,68.32,104.79,122,15,183.85,49,7,78,1142,26.6
333,1,111,1038,A,Evening,2025-01-14 20:00:00,6757,73.63,15.27,50.7,112.08,222,14,265.33,17,6,89,1488,23.92
334,5,100,1001,C,Night,2025-01-14 21:00:00,6396,72.56,11.38,49.08,124.15,84,17,335.65,17,1,90,1776,25.41
335,4,119,1062,D,Evening,2025-01-14 22:00:00,6074,80.54,11.77,33.49,133.71,259,6,206.95,15,2,86,4355,24.24
336,2,127,1028,D,Evening,2025-01-14 23:00:00,6094,71.21,10.58,54.03,133.3,347,14,211.72,51,6,81,4295,26.39
337,1,142,1073,B,Night,2025-01-15 00:00:00,5479,72.65,10.28,60.8,102.43,182,10,265.91,4,1,97,364,13.99
338,4,136,1065,A,Evening,2025-01-15 01:00:00,6583,81.17,10.3,61.9,130.34,332,18,197.44,51,5,87,3921,21.6
339,5,146,1050,C,Night,2025-01-15 02:00:00,6042,72.26,10.78,65.02,137.16,247,7,344.16,30,1,72,2897,18.08
340,4,136,1074,A,Evening,2025-01-15 03:00:00,6797,74.51,12.41,57.32,116.19,495,0,215.37,36,3,74,3220,27.45
341,1,111,1076,A,Night,2025-01-15 04:00:00,5083,72.94,10.85,59.04,137.97,81,2,230.04,19,7,97,776,20.07
342,4,136,1009,B,Night,2025-01-15 05:00:00,6178,66.08,12.37,55.54,133.14,185,4,217.82,22,5,90,4994,16.18
343,3,148,1013,A,Morning,2025-01-15 06:00:00,5564,74.38,12.4,60.66,101.03,297,17,287.39,31,1,89,3586,15.06
344,4,148,1081,C,Night,2025-01-15 07:00:00,5618,69.95,11.29,47.53,152.88,408,11,336.49,41,1,83,2806,26.25
345,2,143,1050,C,Night,2025-01-15 08:00:00,5356,76.27,11.91,43.73,109.27,390,11,221.87,16,8,85,4069,19.36
346,2,127,1072,B,Evening,2025-01-15 09:00:00,5815,80.53,11.21,48.37,134.36,195,18,284.66,12,9,95,707,23.31
347,3,146,1038,A,Night,2025-01-15 10:00:00,5646,63.93,11.53,56.71,133.82,383,8,197.76,48,7,88,3525,31.91
348,1,114,1027,C,Morning,2025-01-15 11:00:00,5442,72.97,10.79,44.6,101.64,192,10,288.37,49,3,78,2494,25.88
349,2,105,1002,A,Evening,2025-01-15 12:00:00,6092,77.26,12.13,49.93,122.68,283,16,320.33,12,6,86,2959,21.45
350,5,143,1083,A,Evening,2025-01-15 13:00:00,5522,64.08,11.1,50.19,133.63,459,15,308.09,16,3,91,4996,18.12
351,2,119,1069,A,Morning,2025-01-15 14:00:00,5142,81.68,10.25,61.25,101.48,486,3,255.31,59,4,76,1260,26.17
352,2,149,1026,B,Evening,2025-01-15 15:00:00,5191,76.9,12.89,60.28,121.49,93,9,208.69,14,4,79,1947,23.35
353,1,113,1001,A,Evening,2025-01-15 16:00:00,6410,80.42,12.94,55.56,134.89,81,14,250.03,25,3,73,4157,26.89
354,4,101,1092,C,Evening,2025-01-15 17:00:00,5377,72.18,13.67,58.61,135.86,280,18,237.56,43,6,79,1591,12.08
355,2,108,1037,A,Evening,2025-01-15 18:00:00,5580,72.78,10.46,58.77,114.04,77,2,232.13,27,5,72,2121,29.69
356,3,136,1002,C,Morning,2025-01-15 19:00:00,5534,74.2,11.28,52.09,143.17,472,4,258.26,41,9,93,4698,15.44
357,4,119,1015,A,Morning,2025-01-15 20:00:00,6716,85.69,12.35,50.66,139.58,209,10,247.34,44,9,78,3115,21.58
358,5,125,1093,C,Evening,2025-01-15 21:00:00,6316,81.59,11.25,67.29,123.62,382,4,278.31,29,3,82,4666,30.95
359,1,128,1039,C,Evening,2025-01-15 22:00:00,6032,75.66,12.86,35.09,110.12,256,6,278.57,42,9,70,2837,12.83
360,5,100,1001,A,Morning,2025-01-15 23:00:00,6294,76.27,12.75,49.07,102.51,67,5,247.49,34,3,84,2148,23.57
361,4,134,1080,A,Morning,2025-01-16 00:00:00,6410,78.17,12.72,53.37,125.66,152,12,267.29,21,4,84,4305,22.63
362,4,105,1040,C,Morning,2025-01-16 01:00:00,5092,86.96,14.19,59.48,141.97,119,1,302.86,9,1,80,4054,23.86
363,4,136,1011,D,Evening,2025-01-16 02:00:00,6989,76.91,12.97,64.08,117.79,168,18,228.74,10,5,97,993,25.78
364,5,104,1034,B,Evening,2025-01-16 03:00:00,5528,75.23,12.23,69.85,107.11,188,10,250.64,37,9,79,1187,24.08
365,4,132,1064,D,Night,2025-01-16 04:00:00,6177,73.31,11.71,54.27,132.37,209,19,208.87,32,2,94,4951,17.3
366,5,148,1054,D,Morning,2025-01-16 05:00:00,5404,76.17,11.81,54.8,122.62,281,4,269.19,5,4,76,4248,24.49
367,4,113,1044,A,Evening,2025-01-16 06:00:00,5839,72.06,10.4,57.9,127.74,197,8,257.94,36,2,70,2409,23.91
368,3,111,1078,B,Morning,2025-01-16 07:00:00,6172,77.48,9.35,50.75,112.12,402,5,268.43,6,8,76,3700,23.7
369,4,141,1089,D,Evening,2025-01-16 08:00:00,5888,67.84,12.7,45.53,114.45,473,16,210.45,53,9,74,3033,34.43
370,5,119,1084,A,Morning,2025-01-16 09:00:00,6290,73.7,13.84,54.23,112.05,441,18,280.62,43,3,95,2381,30.69
371,2,149,1061,D,Evening,2025-01-16 10:00:00,5421,78.67,11.5,60.96,127.49,292,7,254.08,11,9,98,172,33.14
372,4,123,1048,D,Night,2025-01-16 11:00:00,6863,76.85,14.38,53.06,114.91,84,6,291.18,6,6,98,1480,25.72
373,2,142,1094,A,Night,2025-01-16 12:00:00,6641,72.69,11.74,58.31,128.89,374,4,232.49,1,6,92,583,32.93
374,3,133,1024,A,Morning,2025-01-16 13:00:00,5471,73.84,9.07,40.05,110.68,431,14,277.3,59,7,85,1129,19.72
375,1,124,1022,A,Evening,2025-01-16 14:00:00,5892,80.18,13.38,55.15,127.46,404,9,267.8,0,5,97,3881,22.2
376,3,149,1023,B,Evening,2025-01-16 15:00:00,5546,68.95,11.28,51.77,130.56,288,15,310.99,22,6,94,3879,21.1
377,4,128,1037,D,Morning,2025-01-16 16:00:00,5630,68.98,13.51,44.8,124.97,383,8,245.35,24,1,77,1931,21.52
378,2,138,1027,A,Evening,2025-01-16 17:00:00,6549,70.35,10.08,60.26,133.76,198,6,227.8,17,3,91,2120,24.21
379,2,130,1020,C,Morning,2025-01-16 18:00:00,6526,74.95,12.62,69.77,112.78,160,10,230.25,43,9,71,878,25.02
380,5,146,1053,D,Evening,2025-01-16 19:00:00,6037,68.22,10.8,62.92,130.39,457,8,205.67,6,5,77,3575,26.15
381,2,142,1017,C,Morning,2025-01-16 20:00:00,5777,79.77,12.3,63.43,123.5,66,16,229.88,50,5,97,4823,32.72
382,5,149,1035,B,Evening,2025-01-16 21:00:00,6675,70.38,13.15,60.7,107.85,451,8,156.38,53,8,83,3377,16.38
383,1,122,1098,A,Morning,2025-01-16 22:00:00,6829,76.12,12.8,60.17,91.39,275,2,304.75,2,2,73,509,17.97
384,4,143,1044,C,Evening,2025-01-16 23:00:00,5363,72.1,12.1,40.6,94.6,189,7,327.36,28,7,93,1159,11.79
385,5,137,1072,B,Night,2025-01-17 00:00:00,5118,74.67,9.93,53.98,86.87,193,18,244.1,9,9,84,2409,19.79
386,1,119,1052,A,Evening,2025-01-17 01:00:00,6261,66.98,13.1,59.07,126.39,309,19,267.52,58,7,76,1700,21.78
387,2,122,1029,C,Morning,2025-01-17 02:00:00,5545,80.01,13.55,59.25,115.13,266,15,256.56,58,5,89,4643,20.51
388,2,144,1059,C,Night,2025-01-17 03:00:00,6192,70.19,10.44,65.17,121.31,211,6,197.48,42,6,77,2333,18.31
389,1,115,1097,B,Evening,2025-01-17 04:00:00,5521,69.67,10.66,46.74,117.29,141,6,291.05,4,4,96,1752,24.45
390,2,149,1031,A,Night,2025-01-17 05:00:00,5633,86.9,13.61,59.86,128.73,223,19,297.02,33,7,80,1397,22.07
391,1,141,1066,A,Evening,2025-01-17 06:00:00,6936,77.77,11.69,46.48,129.16,380,12,208.36,7,1,97,451,19.58
392,5,107,1066,C,Night,2025-01-17 07:00:00,6680,79.81,10.69,53.31,120.64,254,2,263.2,13,4,96,3322,24.76
393,5,149,1027,C,Morning,2025-01-17 08:00:00,5962,77.29,12.41,54.5,121.55,464,11,239.49,39,3,71,2531,21.13
394,1,120,1043,C,Evening,2025-01-17 09:00:00,5957,72.74,11.04,61.9,122.15,202,7,297.6,54,4,78,564,29.78
395,5,100,1078,A,Evening,2025-01-17 10:00:00,6758,68.47,12.24,60.96,140.88,152,12,246.68,5,1,75,2613,23.18
396,5,107,1040,B,Morning,2025-01-17 11:00:00,5882,73.51,11.38,55.96,89.93,251,19,247.77,0,2,92,3266,22.25
397,5,128,1062,B,Night,2025-01-17 12:00:00,6792,70.11,11.51,37.78,109.94,329,15,322.84,55,9,95,2309,25.31
398,3,131,1022,A,Morning,2025-01-17 13:00:00,5779,70.41,13.67,58.56,132.98,114,6,198.58,32,7,70,655,13.97
399,4,137,1074,D,Morning,2025-01-17 14:00:00,5870,67.08,8.3,52.86,136.62,166,3,259.92,39,6,72,399,30.07
400,2,104,1047,B,Night,2025-01-17 15:00:00,5515,75.57,12.83,66.13,126.41,202,11,253.55,10,2,99,3966,27.92
401,3,146,1031,C,Morning,2025-01-17 16:00:00,5937,82.87,13.42,64.23,117.24,205,16,225.86,49,1,79,455,20.03
402,5,121,1056,D,Evening,2025-01-17 17:00:00,6420,77.79,11.07,47.5,147.92,213,0,331.59,23,2,74,663,18.35
403,1,146,1099,D,Evening,2025-01-17 18:00:00,5865,74.47,13.41,59.66,122.67,131,16,263.46,9,7,81,4109,18.95
404,5,133,1032,B,Evening,2025-01-17 19:00:00,5105,74.8,10.56,59.82,120.46,55,1,276.87,43,2,92,4988,16.95
405,4,100,1023,D,Morning,2025-01-17 20:00:00,6108,59.76,11.01,59.23,139.98,371,5,282.58,51,3,70,1122,15.52
406,5,125,1038,D,Evening,2025-01-17 21:00:00,5213,72.88,10.84,58.2,127.13,116,11,237.17,22,8,78,1290,16.79
407,1,142,1033,B,Evening,2025-01-17 22:00:00,6144,67.87,13.43,60.04,134.1,287,10,299.67,15,7,90,3310,10.76
408,4,109,1055,B,Evening,2025-01-17 23:00:00,6155,75.67,9.38,67.01,135.85,121,10,291.62,36,9,82,2004,22.18
409,5,129,1027,D,Evening,2025-01-18 00:00:00,5849,73.7,14.46,50.59,114.41,144,17,245.12,15,4,97,2136,23.32
410,4,149,1036,C,Evening,2025-01-18 01:00:00,5196,70.65,11.54,47.75,146.52,353,7,287.53,55,7,88,1126,30.41
411,2,117,1006,A,Evening,2025-01-18 02:00:00,5018,75.56,12.92,61.26,83.07,375,6,299.6,43,1,76,355,28.94
412,2,116,1067,D,Morning,2025-01-18 03:00:00,5641,75.52,12.79,39.93,90.31,127,13,281.8,30,2,95,2518,20.33
413,5,125,1036,D,Evening,2025-01-18 04:00:00,6035,82.59,12.23,60.23,109.8,116,15,216.59,5,7,85,2663,22.76
414,4,107,1055,C,Evening,2025-01-18 05:00:00,6104,78.43,11.1,58.82,113.65,225,11,246.31,29,2,77,3051,29.52
415,1,146,1064,D,Night,2025-01-18 06:00:00,5329,76.08,13.86,36.24,125.44,370,8,269.01,36,6,95,369,21.76
416,5,139,1064,D,Morning,2025-01-18 07:00:00,5865,70.26,11.23,49.91,109.66,221,19,260.08,0,9,95,1027,24.85
417,2,148,1046,A,Morning,2025-01-18 08:00:00,5773,69.63,10.9,67.61,119.82,304,15,220.19,50,5,88,163,20.97
418,2,111,1019,A,Morning,2025-01-18 09:00:00,5391,77.99,13.32,43.34,116.92,112,18,238.54,41,7,76,4655,24.2
419,5,126,1018,A,Morning,2025-01-18 10:00:00,5636,74.0,12.22,56.7,150.07,351,15,264.07,24,1,92,1142,24.42
420,4,107,1028,B,Evening,2025-01-18 11:00:00,5306,76.25,14.04,46.96,107.93,452,8,189.63,45,8,73,4288,22.26
421,2,124,1073,B,Evening,2025-01-18 12:00:00,6290,79.89,11.91,49.33,94.75,295,12,250.77,56,9,79,4968,29.33
422,4,145,1059,A,Night,2025-01-18 13:00:00,6470,67.43,11.02,70.33,136.79,241,4,277.87,20,5,94,909,19.68
423,2,103,1017,A,Night,2025-01-18 14:00:00,6464,81.99,12.41,55.99,109.29,378,18,261.32,34,6,70,2141,24.58
424,2,132,1091,B,Morning,2025-01-18 15:00:00,5894,79.85,11.33,59.14,118.63,120,9,215.7,37,8,86,3188,32.92
425,3,100,1034,C,Night,2025-01-18 16:00:00,5651,64.73,11.07,54.1,110.31,415,6,222.74,4,4,90,1746,25.56
426,2,118,1042,D,Night,2025-01-18 17:00:00,5840,86.77,13.25,42.88,131.06,278,8,309.48,48,2,82,587,20.02
427,1,130,1094,D,Morning,2025-01-18 18:00:00,6025,76.61,14.75,45.52,99.39,483,13,212.49,49,8,88,3181,25.74
428,5,115,1090,A,Morning,2025-01-18 19:00:00,5519,72.61,11.63,64.43,78.01,112,14,297.43,11,2,95,1847,36.16
429,5,113,1010,C,Night,2025-01-18 20:00:00,6785,77.6,10.54,56.22,139.44,346,12,225.15,4,5,82,848,24.2
430,4,147,1048,B,Evening,2025-01-18 21:00:00,6674,70.11,11.77,48.84,123.71,294,9,295.21,8,6,78,3937,27.97
431,2,104,1037,A,Night,2025-01-18 22:00:00,5635,77.73,12.77,54.82,136.09,56,13,271.64,43,5,74,627,24.03
432,1,140,1063,C,Night,2025-01-18 23:00:00,6332,71.03,12.39,60.29,138.93,442,11,236.08,51,6,92,1267,25.38
433,4,125,1068,C,Evening,2025-01-19 00:00:00,5739,85.1,13.79,58.64,106.25,309,18,179.34,8,6,70,4749,23.61
434,3,127,1007,C,Evening,2025-01-19 01:00:00,6545,75.3,13.0,48.84,120.91,138,5,265.94,34,3,71,4710,18.91
435,4,101,1033,B,Morning,2025-01-19 02:00:00,5468,78.25,10.34,42.4,127.58,226,11,257.26,0,3,80,3641,25.87
436,4,149,1047,B,Morning,2025-01-19 03:00:00,5211,71.07,11.26,51.74,118.38,253,12,266.56,53,9,97,4572,17.88
437,2,105,1055,D,Night,2025-01-19 04:00:00,6135,79.08,9.93,63.87,115.32,183,7,271.58,46,3,73,3839,22.44
438,3,108,1075,D,Evening,2025-01-19 05:00:00,6031,74.94,13.72,61.84,116.8,131,15,197.43,9,3,78,583,33.56
439,4,132,1064,C,Morning,2025-01-19 06:00:00,5803,67.94,9.01,58.28,136.25,70,1,265.73,45,2,74,551,23.64
440,1,140,1030,C,Night,2025-01-19 07:00:00,5476,73.81,10.08,53.63,116.11,448,6,279.7,38,7,74,4169,19.38
441,1,124,1003,B,Evening,2025-01-19 08:00:00,5873,84.66,11.23,50.87,129.0,177,11,279.23,35,4,94,4497,25.2
442,5,147,1049,D,Night,2025-01-19 09:00:00,5459,79.29,12.85,53.78,125.2,244,6,199.88,57,1,77,3233,21.23
443,3,112,1068,C,Morning,2025-01-19 10:00:00,5252,73.11,11.22,61.25,105.54,243,18,296.17,36,6,71,1873,24.54
444,3,108,1029,D,Morning,2025-01-19 11:00:00,6549,65.65,11.45,63.08,124.53,233,13,267.15,51,5,76,1098,18.12
445,5,112,1087,D,Evening,2025-01-19 12:00:00,5751,70.84,11.48,52.91,96.92,296,8,272.22,47,2,86,2165,27.9
446,4,130,1058,C,Night,2025-01-19 13:00:00,6461,67.97,12.26,75.29,126.02,410,17,214.17,34,6,95,497,24.62
447,3,140,1066,B,Evening,2025-01-19 14:00:00,6777,65.77,10.17,55.74,133.37,409,10,280.28,16,1,96,1903,18.99
448,1,110,1074,C,Morning,2025-01-19 15:00:00,5980,78.93,10.58,52.22,136.82,373,15,181.04,12,3,80,2251,25.8
449,1,103,1044,C,Morning,2025-01-19 16:00:00,5853,75.31,14.52,66.81,105.71,209,18,216.07,5,4,84,2046,33.68
450,2,133,1003,D,Night,2025-01-19 17:00:00,6684,83.98,12.6,38.69,111.96,243,10,300.66,57,3,94,3817,20.02
451,3,137,1025,C,Night,2025-01-19 18:00:00,5235,70.01,13.14,58.84,124.26,159,17,278.34,36,6,72,3515,27.79
452,4,145,1026,B,Night,2025-01-19 19:00:00,6329,74.99,12.09,54.42,112.86,462,10,261.66,47,4,82,1494,26.09
453,5,103,1045,C,Evening,2025-01-19 20:00:00,5477,68.03,11.79,66.59,91.07,115,3,287.75,31,1,87,4228,26.02
454,5,137,1063,B,Night,2025-01-19 21:00:00,5678,72.03,12.69,59.84,111.87,467,17,290.53,10,5,89,2521,28.5
455,4,118,1090,B,Night,2025-01-19 22:00:00,6043,73.89,13.09,56.11,124.2,303,18,280.32,16,5,89,4019,22.61
456,2,105,1050,D,Morning,2025-01-19 23:00:00,5215,73.13,13.27,60.3,136.01,332,12,241.3,4,9,72,3183,24.76
457,5,133,1049,A,Morning,2025-01-20 00:00:00,5854,75.27,11.81,46.56,145.34,109,3,214.88,5,8,71,2888,24.49
458,3,117,1005,A,Night,2025-01-20 01:00:00,5134,79.86,13.43,62.73,121.87,167,9,223.46,9,8,74,1944,19.72
459,2,112,1058,D,Night,2025-01-20 02:00:00,5904,79.33,8.3,44.24,128.5,472,4,306.42,52,5,89,1904,26.29
460,3,140,1014,C,Morning,2025-01-20 03:00:00,6152,71.15,13.34,57.87,134.41,93,2,198.98,32,8,74,989,22.19
461,1,122,1029,D,Night,2025-01-20 04:00:00,5409,74.85,11.36,55.28,89.24,259,15,269.63,29,7,82,2603,33.15
462,2,118,1041,B,Evening,2025-01-20 05:00:00,6445,78.97,12.83,40.9,104.71,85,7,269.69,20,1,97,1993,21.46
463,5,144,1036,A,Evening,2025-01-20 06:00:00,6317,80.18,11.03,55.55,121.54,68,6,308.72,41,7,97,1766,17.4
464,2,110,1041,D,Evening,2025-01-20 07:00:00,6269,71.69,10.01,57.26,143.34,140,18,269.58,16,8,77,4444,29.6
465,2,100,1034,C,Night,2025-01-20 08:00:00,6724,78.54,12.51,49.76,129.45,350,13,233.07,26,3,96,3165,20.28
466,2,123,1086,D,Morning,2025-01-20 09:00:00,6579,76.66,9.75,46.9,124.95,261,14,233.7,2,9,85,3741,17.93
467,2,106,1005,A,Night,2025-01-20 10:00:00,5085,69.67,11.4,58.94,116.58,454,16,249.77,59,8,87,3175,25.94
468,3,124,1067,D,Night,2025-01-20 11:00:00,5555,79.0,10.78,57.9,126.4,456,0,295.31,28,2,94,1359,30.66
469,1,120,1017,D,Morning,2025-01-20 12:00:00,6865,75.76,11.74,56.81,111.05,271,5,282.26,1,6,95,2320,27.69
470,4,114,1072,A,Morning,2025-01-20 13:00:00,6398,66.29,13.2,55.07,108.3,266,14,206.57,28,4,85,2518,21.14
471,2,100,1028,B,Morning,2025-01-20 14:00:00,6469,73.53,11.27,50.47,109.61,272,11,261.15,48,3,70,2938,24.64
472,5,111,1076,B,Evening,2025-01-20 15:00:00,5377,75.2,12.47,73.18,140.11,460,19,283.01,35,6,77,2896,22.56
473,2,106,1058,A,Night,2025-01-20 16:00:00,6413,71.97,13.11,52.61,107.4,147,1,240.51,33,9,97,886,32.3
474,5,114,1046,D,Morning,2025-01-20 17:00:00,6680,81.14,11.09,48.08,114.02,68,4,163.6,36,2,90,3467,21.81
475,3,120,1016,A,Night,2025-01-20 18:00:00,6074,81.32,11.11,55.44,127.07,346,8,242.14,41,5,71,2547,24.49
476,5,118,1095,B,Evening,2025-01-20 19:00:00,5241,73.09,14.05,53.55,106.8,75,19,190.59,0,6,93,3229,24.85
477,4,128,1021,C,Evening,2025-01-20 20:00:00,6317,72.54,11.88,52.43,123.39,77,13,184.26,59,4,74,1998,18.2
478,1,124,1067,D,Morning,2025-01-20 21:00:00,5919,74.34,12.76,69.99,123.39,113,17,292.61,25,7,95,4603,23.04
479,5,132,1068,B,Morning,2025-01-20 22:00:00,6586,74.0,12.75,45.96,110.63,373,7,350.84,0,2,84,3684,23.12
480,5,148,1036,D,Night,2025-01-20 23:00:00,5265,72.04,10.2,55.3,116.12,272,1,304.57,58,7,83,4259,30.88
481,1,131,1048,A,Morning,2025-01-21 00:00:00,6143,56.46,10.86,46.5,105.85,129,8,145.58,57,2,95,4049,24.98
482,4,148,1012,C,Night,2025-01-21 01:00:00,5711,83.77,12.56,50.67,140.74,100,6,243.08,3,1,98,2567,22.11
483,2,134,1033,A,Morning,2025-01-21 02:00:00,6940,75.0,8.9,68.89,123.86,151,17,226.41,38,5,99,2293,23.27
484,5,143,1085,C,Night,2025-01-21 03:00:00,6271,74.11,11.68,57.25,104.27,225,15,191.16,13,2,72,116,23.67
485,1,137,1052,D,Night,2025-01-21 04:00:00,5069,76.63,10.7,57.15,121.89,59,4,268.59,45,8,76,3122,23.81
486,3,125,1086,D,Night,2025-01-21 05:00:00,6876,74.6,13.67,47.48,122.57,286,14,242.61,17,8,73,1366,28.64
487,1,110,1050,A,Night,2025-01-21 06:00:00,5056,72.85,12.52,51.6,86.35,472,4,203.44,33,1,80,578,28.89
488,3,134,1002,C,Evening,2025-01-21 07:00:00,6405,69.97,13.79,69.58,140.11,149,10,167.75,0,4,96,4396,19.05
489,4,107,1041,C,Night,2025-01-21 08:00:00,5038,65.81,11.94,58.99,105.16,427,13,225.64,52,9,95,4077,29.34
490,2,145,1097,D,Morning,2025-01-21 09:00:00,5800,68.23,11.83,52.28,151.35,277,18,250.32,21,5,81,3644,27.76
491,1,113,1031,A,Evening,2025-01-21 10:00:00,6466,69.42,11.54,58.52,131.93,452,2,245.26,15,6,84,4374,23.74
492,5,109,1050,C,Evening,2025-01-21 11:00:00,6041,78.25,11.25,57.14,103.1,113,9,292.51,21,3,75,4648,16.63
493,4,101,1084,D,Night,2025-01-21 12:00:00,6975,78.62,16.03,48.28,115.29,429,5,263.52,49,5,95,585,25.06
494,1,145,1045,B,Evening,2025-01-21 13:00:00,5731,70.59,13.21,52.05,133.84,68,2,236.21,15,1,93,4188,22.23
495,5,108,1020,A,Night,2025-01-21 14:00:00,5824,61.68,10.4,73.04,116.43,381,1,217.31,27,8,70,4773,26.77
496,1,102,1043,B,Morning,2025-01-21 15:00:00,5755,75.05,15.96,58.14,137.67,367,12,179.16,27,6,87,437,27.23
497,3,120,1010,A,Night,2025-01-21 16:00:00,5351,72.89,11.39,42.45,114.36,190,17,206.35,54,2,83,960,30.6
498,1,125,1067,D,Evening,2025-01-21 17:00:00,6995,72.77,12.48,59.08,118.82,74,1,304.33,21,4,98,2103,18.69
499,1,107,1000,C,Morning,2025-01-21 18:00:00,6839,79.78,13.41,65.42,134.25,277,14,284.59,55,4,93,1571,34.69
500,1,147,1091,C,Night,2025-01-21 19:00:00,6321,75.69,9.69,47.76,129.05,138,4,261.55,5,9,76,2142,28.48
501,4,101,1062,C,Morning,2025-01-21 20:00:00,5282,70.12,10.76,51.35,106.12,141,14,230.24,24,9,79,3528,27.57
502,1,105,1023,A,Morning,2025-01-21 21:00:00,6609,68.97,14.47,66.63,126.51,91,16,299.64,41,5,78,3220,33.58
503,5,127,1098,D,Evening,2025-01-21 22:00:00,5109,73.69,11.66,55.28,122.51,422,1,209.56,1,3,71,1619,25.59
504,3,128,1012,B,Morning,2025-01-21 23:00:00,6016,70.47,13.5,53.86,106.32,344,17,210.01,6,1,77,801,29.17
505,3,125,1097,D,Evening,2025-01-22 00:00:00,6203,74.64,11.32,44.31,99.14,463,14,246.26,52,6,91,4488,24.85
506,1,124,1010,B,Morning,2025-01-22 01:00:00,6961,80.13,11.86,63.56,91.03,438,19,162.67,16,8,70,4135,28.2
507,4,111,1099,A,Night,2025-01-22 02:00:00,5543,68.1,14.68,53.49,115.58,130,2,208.42,34,1,89,3844,29.81
508,4,104,1050,A,Morning,2025-01-22 03:00:00,6769,75.44,12.66,37.63,119.19,451,4,240.55,19,1,99,1273,29.29
509,5,133,1016,B,Night,2025-01-22 04:00:00,6817,79.58,11.48,42.42,127.57,156,10,231.55,43,7,71,1705,16.44
510,1,147,1098,B,Night,2025-01-22 05:00:00,5024,74.57,10.97,50.51,132.31,160,8,210.47,1,7,76,1979,21.93
511,3,136,1081,B,Morning,2025-01-22 06:00:00,5842,78.61,11.11,46.42,113.79,326,4,331.42,6,2,94,3493,29.86
512,4,114,1085,D,Night,2025-01-22 07:00:00,5790,73.56,13.86,47.67,118.75,263,0,304.53,31,3,85,2224,26.49
513,1,143,1023,B,Morning,2025-01-22 08:00:00,5737,75.85,13.15,73.76,108.62,280,13,318.58,48,2,91,4742,23.75
514,4,135,1018,A,Morning,2025-01-22 09:00:00,5056,77.2,10.28,60.66,121.31,355,4,246.04,18,6,73,1546,26.54
515,4,114,1036,A,Night,2025-01-22 10:00:00,5179,72.14,12.13,34.38,134.53,170,7,230.46,11,8,90,3406,18.48
516,3,142,1084,C,Night,2025-01-22 11:00:00,5231,84.95,11.9,52.49,121.52,183,13,314.07,8,8,96,3501,27.93
517,2,147,1007,B,Evening,2025-01-22 12:00:00,6917,77.89,12.47,54.28,137.45,355,15,253.41,26,1,86,3883,25.86
518,5,122,1027,D,Night,2025-01-22 13:00:00,5342,81.51,11.09,43.18,134.28,257,5,207.58,13,9,98,2472,24.43
519,5,105,1004,D,Evening,2025-01-22 14:00:00,5476,80.36,13.65,59.28,141.87,499,7,210.36,1,8,73,250,23.11
520,3,145,1016,D,Night,2025-01-22 15:00:00,6822,76.64,12.0,38.67,121.94,420,1,237.02,20,9,98,1759,25.16
521,4,149,1035,C,Morning,2025-01-22 16:00:00,5575,81.93,12.56,63.78,112.01,306,18,249.12,3,9,95,978,22.63
522,1,143,1018,A,Night,2025-01-22 17:00:00,5454,75.94,10.82,66.53,129.32,234,8,253.26,59,6,72,2419,22.38
523,4,142,1063,D,Morning,2025-01-22 18:00:00,6255,71.35,10.9,73.82,114.41,335,4,242.66,50,3,78,2983,32.94
524,3,144,1090,A,Morning,2025-01-22 19:00:00,5288,75.07,15.99,42.41,128.85,491,4,343.58,20,1,91,4095,16.07
525,5,120,1097,C,Morning,2025-01-22 20:00:00,6236,69.97,14.7,44.03,110.06,412,18,195.88,47,8,84,2515,16.17
526,4,122,1010,B,Evening,2025-01-22 21:00:00,5257,64.49,11.9,60.54,107.57,229,3,276.91,21,3,89,1615,27.91
527,5,142,1053,B,Night,2025-01-22 22:00:00,5529,70.74,14.3,64.46,138.25,470,15,230.9,48,7,72,3487,17.9
528,1,115,1044,B,Morning,2025-01-22 23:00:00,5686,75.36,13.82,61.47,104.81,97,15,248.45,1,6,81,689,13.98
529,5,146,1046,D,Morning,2025-01-23 00:00:00,5928,80.31,11.06,63.64,135.33,136,15,287.62,16,3,84,687,29.07
530,5,114,1011,B,Evening,2025-01-23 01:00:00,5228,70.72,10.91,66.01,128.79,434,6,178.69,18,6,98,2719,30.3
531,2,124,1020,D,Night,2025-01-23 02:00:00,6249,80.05,13.0,56.62,121.41,68,17,212.17,39,3,89,1295,17.46
532,2,135,1010,C,Night,2025-01-23 03:00:00,5595,68.95,12.39,53.3,91.61,95,0,244.65,23,9,77,4453,15.02
533,2,110,1091,C,Evening,2025-01-23 04:00:00,6826,70.4,11.4,44.05,142.28,435,2,309.05,19,1,81,2426,17.91
534,5,114,1004,D,Evening,2025-01-23 05:00:00,5434,82.25,13.08,52.62,105.98,105,7,308.84,37,8,90,2705,20.5
535,3,103,1080,A,Night,2025-01-23 06:00:00,5881,75.24,9.84,53.84,134.3,278,0,301.09,11,5,82,2638,33.57
536,5,120,1055,B,Evening,2025-01-23 07:00:00,6020,74.13,12.17,47.4,109.64,194,6,162.26,24,4,84,665,21.85
537,3,112,1019,B,Night,2025-01-23 08:00:00,6781,76.18,10.14,54.69,108.43,141,6,208.01,22,1,80,1856,28.16
538,3,121,1040,B,Night,2025-01-23 09:00:00,5401,68.97,10.19,46.5,130.03,131,7,209.65,49,9,86,4175,27.61
539,2,118,1045,D,Morning,2025-01-23 10:00:00,5621,73.35,10.94,63.91,128.08,274,18,247.79,58,9,90,1460,30.61
540,4,133,1011,C,Morning,2025-01-23 11:00:00,6789,75.01,12.54,58.41,102.82,128,16,175.88,33,5,93,2668,20.87
541,1,113,1069,B,Night,2025-01-23 12:00:00,5087,81.16,10.99,51.32,141.55,199,10,293.92,31,9,96,2473,23.95
542,2,103,1016,C,Night,2025-01-23 13:00:00,5583,66.65,10.17,56.51,116.91,410,14,170.22,50,9,81,1295,22.9
543,2,147,1018,B,Night,2025-01-23 14:00:00,6916,83.81,12.72,46.16,121.03,332,8,291.3,23,7,89,2231,26.69
544,4,145,1025,B,Night,2025-01-23 15:00:00,6565,74.38,14.24,46.97,115.54,360,16,284.83,41,8,99,2988,30.08
545,1,126,1047,D,Night,2025-01-23 16:00:00,6707,69.45,12.96,49.93,103.46,209,10,206.22,24,1,87,1667,34.89
546,5,128,1051,A,Night,2025-01-23 17:00:00,5308,68.54,14.7,53.46,131.03,365,5,300.48,2,4,98,3510,22.05
547,5,146,1095,D,Evening,2025-01-23 18:00:00,5905,76.37,14.11,56.13,124.34,414,8,236.67,24,4,85,2467,24.71
548,2,127,1069,B,Night,2025-01-23 19:00:00,5342,68.26,11.27,56.16,107.92,205,17,226.29,27,9,72,3443,28.33
549,1,134,1054,B,Evening,2025-01-23 20:00:00,5435,72.2,12.95,44.45,134.16,205,19,233.14,11,3,99,3197,27.06
550,2,107,1099,A,Evening,2025-01-23 21:00:00,5176,73.75,11.86,54.35,120.82,425,1,236.57,25,1,96,1360,32.58
551,3,115,1074,C,Night,2025-01-23 22:00:00,5138,80.72,13.59,48.46,121.15,251,3,240.25,47,5,78,1433,23.46
552,2,141,1032,C,Night,2025-01-23 23:00:00,5193,80.09,11.86,27.73,146.65,458,17,241.16,43,7,99,4428,22.01
553,2,135,1061,B,Evening,2025-01-24 00:00:00,6209,71.79,10.82,79.6,95.88,390,0,214.39,7,4,76,4744,30.88
554,5,129,1087,C,Evening,2025-01-24 01:00:00,6241,73.94,14.06,48.61,95.68,391,10,223.67,4,9,88,3436,25.52
555,5,117,1022,B,Night,2025-01-24 02:00:00,6187,67.02,12.48,49.05,99.06,166,2,227.14,10,6,74,3184,26.7
556,5,101,1014,A,Night,2025-01-24 03:00:00,6184,64.8,11.0,44.23,125.45,203,7,316.91,41,6,88,3487,23.64
557,3,148,1026,A,Evening,2025-01-24 04:00:00,5942,68.85,11.25,46.54,114.61,413,4,227.15,34,3,79,4813,28.64
558,5,112,1074,B,Evening,2025-01-24 05:00:00,5524,80.62,11.0,53.49,115.81,380,19,224.59,26,5,89,2531,19.67
559,1,103,1063,A,Evening,2025-01-24 06:00:00,6831,78.9,10.5,65.81,105.86,168,4,310.65,54,6,81,1116,21.71
560,4,125,1080,D,Morning,2025-01-24 07:00:00,6624,76.92,11.28,53.45,144.98,248,10,237.12,40,4,77,741,10.76
561,1,124,1050,D,Evening,2025-01-24 08:00:00,6859,67.71,12.56,52.41,150.02,450,11,214.39,43,3,99,4162,20.86
562,1,129,1052,A,Morning,2025-01-24 09:00:00,6065,71.44,12.1,64.6,133.48,312,8,205.72,37,5,72,415,28.66
563,5,110,1077,B,Night,2025-01-24 10:00:00,5914,70.71,11.34,50.8,97.39,233,12,193.19,18,7,88,2403,24.23
564,4,106,1090,B,Night,2025-01-24 11:00:00,5209,74.17,14.24,55.17,112.7,497,19,271.65,47,6,96,540,19.38
565,4,130,1081,A,Evening,2025-01-24 12:00:00,5740,73.85,8.98,47.63,132.41,197,2,177.83,52,2,80,1238,31.15
566,4,143,1091,C,Night,2025-01-24 13:00:00,5861,69.99,12.46,68.48,119.31,215,12,303.85,54,1,77,1014,24.69
567,3,109,1050,D,Night,2025-01-24 14:00:00,6298,76.75,11.79,63.39,133.53,124,10,246.35,55,5,95,2403,32.47
568,5,138,1046,C,Night,2025-01-24 15:00:00,5953,76.14,10.54,53.78,138.72,285,10,232.52,31,5,82,4242,28.28
569,4,112,1003,B,Night,2025-01-24 16:00:00,6302,71.36,12.55,51.8,148.61,363,19,240.87,45,6,95,3521,24.94
570,3,130,1006,B,Morning,2025-01-24 17:00:00,6274,76.52,11.67,54.75,110.18,321,6,268.52,27,3,92,2178,33.18
571,2,106,1034,C,Morning,2025-01-24 18:00:00,6333,80.62,13.87,53.89,121.22,228,16,231.21,35,1,92,4250,22.13
572,2,148,1047,A,Evening,2025-01-24 19:00:00,6743,82.14,13.3,42.63,113.39,332,15,242.33,17,4,79,2300,18.53
573,3,141,1072,C,Evening,2025-01-24 20:00:00,5832,77.45,14.86,63.66,89.99,100,13,292.12,9,4,87,4651,32.0
574,3,141,1071,C,Evening,2025-01-24 21:00:00,5139,77.31,11.28,53.18,130.52,124,0,263.88,31,2,81,135,27.02
575,5,135,1044,D,Night,2025-01-24 22:00:00,5791,73.8,14.09,70.19,128.45,193,10,200.0,17,8,76,917,30.97
576,5,119,1080,D,Night,2025-01-24 23:00:00,5545,80.15,10.25,58.37,111.8,392,12,221.69,11,6,95,2046,28.41
577,2,103,1080,C,Morning,2025-01-25 00:00:00,6844,69.65,11.83,34.83,96.03,237,0,178.74,50,3,80,4056,32.22
578,4,106,1096,C,Morning,2025-01-25 01:00:00,6016,79.57,11.3,44.75,114.24,172,1,274.61,7,1,79,4451,21.44
579,2,100,1095,B,Evening,2025-01-25 02:00:00,6927,73.56,12.9,37.83,130.97,381,8,278.88,32,3,72,2325,23.06
580,4,143,1071,D,Morning,2025-01-25 03:00:00,6553,82.45,12.87,44.65,140.06,300,12,212.63,45,8,99,3425,23.0
581,4,144,1018,D,Morning,2025-01-25 04:00:00,5056,77.94,10.65,41.93,109.31,345,4,342.19,54,4,76,607,23.07
582,5,141,1062,B,Morning,2025-01-25 05:00:00,5111,74.66,12.99,57.02,136.62,372,8,347.52,37,3,98,3845,16.16
583,1,146,1037,A,Morning,2025-01-25 06:00:00,5004,73.82,11.43,52.47,129.34,179,12,250.91,13,4,73,4216,24.82
584,1,112,1066,D,Morning,2025-01-25 07:00:00,6433,77.63,10.77,60.92,126.2,301,4,218.11,1,4,98,3977,27.96
585,3,121,1058,D,Evening,2025-01-25 08:00:00,6437,77.39,11.98,54.7,100.6,407,14,260.95,8,2,77,4914,20.6
586,5,120,1068,A,Evening,2025-01-25 09:00:00,6205,73.01,9.78,53.08,101.25,481,6,217.16,43,4,77,559,19.43
587,4,121,1012,D,Morning,2025-01-25 10:00:00,6036,75.46,13.4,71.03,107.54,229,13,288.0,4,9,75,1505,23.32
588,1,127,1046,D,Evening,2025-01-25 11:00:00,6362,79.48,11.92,56.78,115.1,457,15,256.65,33,4,82,4195,27.92
589,4,108,1060,A,Night,2025-01-25 12:00:00,6820,68.18,11.95,54.36,147.01,398,5,259.53,18,1,81,2136,18.62
590,1,125,1030,A,Morning,2025-01-25 13:00:00,6282,78.63,11.87,48.17,110.07,159,1,320.37,6,1,72,2777,35.68
591,1,108,1079,C,Night,2025-01-25 14:00:00,5089,77.61,14.47,45.59,131.57,387,15,225.24,38,1,75,1844,17.5
592,1,114,1095,B,Evening,2025-01-25 15:00:00,5615,80.93,14.28,61.16,113.03,127,18,226.84,41,5,91,3083,21.15
593,5,109,1021,B,Evening,2025-01-25 16:00:00,5890,71.42,14.03,60.69,127.09,51,4,284.33,16,6,88,2458,29.67
594,2,123,1092,A,Night,2025-01-25 17:00:00,5697,75.03,11.87,67.57,119.06,370,3,233.12,25,6,80,1331,28.84
595,4,141,1085,A,Evening,2025-01-25 18:00:00,6273,76.03,10.33,58.83,122.66,325,13,314.15,45,6,73,1277,28.4
596,5,107,1042,D,Morning,2025-01-25 19:00:00,6278,78.69,11.98,51.86,125.54,339,5,290.02,26,9,84,861,20.57
597,5,123,1066,C,Night,2025-01-25 20:00:00,6611,77.15,12.47,59.09,116.26,346,7,235.15,42,1,71,4878,21.52
598,5,115,1053,C,Morning,2025-01-25 21:00:00,5897,68.8,13.22,54.36,125.62,218,2,177.54,27,6,84,2454,19.72
599,5,148,1009,A,Night,2025-01-25 22:00:00,5970,76.46,12.47,61.92,138.51,289,3,191.91,19,8,86,4814,22.4
600,5,125,1041,D,Evening,2025-01-25 23:00:00,6131,85.02,10.46,65.67,108.69,72,0,230.73,5,8,71,3826,25.91
601,3,126,1063,D,Night,2025-01-26 00:00:00,5667,78.06,11.2,53.65,137.79,343,1,266.19,7,3,76,1643,19.69
602,4,136,1020,B,Night,2025-01-26 01:00:00,5593,83.19,11.06,69.06,116.02,221,12,294.09,31,5,95,3777,15.26
603,5,103,1079,B,Morning,2025-01-26 02:00:00,5588,80.22,12.81,64.51,114.44,372,8,241.31,18,4,85,2033,29.85
604,4,149,1075,D,Evening,2025-01-26 03:00:00,5484,81.81,12.85,55.14,130.49,367,11,214.44,31,1,74,3268,23.1
605,3,123,1065,B,Morning,2025-01-26 04:00:00,5981,76.55,13.04,60.37,114.88,445,9,244.37,18,9,85,3661,27.74
606,3,118,1040,A,Evening,2025-01-26 05:00:00,5971,77.61,12.45,57.44,124.79,335,9,250.81,23,5,94,4202,22.45
607,4,135,1023,D,Morning,2025-01-26 06:00:00,6281,76.28,8.91,55.18,123.39,392,17,302.2,23,2,88,3957,26.71
608,1,138,1034,B,Night,2025-01-26 07:00:00,5638,75.02,9.41,70.31,88.75,242,11,299.98,55,2,71,4117,35.63
609,2,109,1055,C,Morning,2025-01-26 08:00:00,5996,78.71,11.79,59.14,126.26,218,15,209.92,16,7,84,4544,18.28
610,1,124,1029,D,Evening,2025-01-26 09:00:00,6926,72.39,12.15,48.27,98.38,453,5,268.16,55,4,73,3064,20.11
611,1,117,1056,D,Evening,2025-01-26 10:00:00,5281,84.43,13.88,46.78,99.53,167,9,215.85,55,1,71,1130,19.5
612,1,118,1093,C,Night,2025-01-26 11:00:00,5985,70.36,12.12,47.1,125.5,55,14,216.98,17,5,96,2647,34.52
613,5,135,1046,A,Evening,2025-01-26 12:00:00,6111,79.06,10.54,58.92,128.05,380,8,291.55,11,2,92,2622,23.91
614,3,109,1034,C,Morning,2025-01-26 13:00:00,6227,81.89,12.99,52.27,138.08,181,1,242.03,40,7,79,4719,28.44
615,1,132,1018,D,Night,2025-01-26 14:00:00,5015,74.12,11.97,57.67,103.66,142,17,275.59,22,9,91,1975,10.78
616,3,149,1007,A,Evening,2025-01-26 15:00:00,6174,69.44,11.4,62.49,108.88,300,11,271.39,55,1,93,689,25.87
617,4,104,1025,B,Evening,2025-01-26 16:00:00,5935,80.78,9.58,71.23,126.97,59,2,246.82,47,2,98,2380,22.2
618,2,146,1070,B,Morning,2025-01-26 17:00:00,5253,76.02,12.13,52.45,138.36,100,6,263.32,17,6,74,3201,30.94
619,4,148,1029,B,Morning,2025-01-26 18:00:00,6211,79.07,12.34,43.73,122.88,398,8,258.15,15,8,87,2514,27.29
620,4,134,1006,D,Night,2025-01-26 19:00:00,5328,74.45,10.51,69.34,106.83,343,7,203.98,15,7,98,3997,21.9
621,5,143,1066,C,Evening,2025-01-26 20:00:00,5543,83.66,13.12,43.34,142.6,178,5,269.49,35,9,73,3778,31.9
622,2,133,1064,A,Morning,2025-01-26 21:00:00,5782,64.41,12.98,43.03,116.06,441,0,221.76,22,2,70,1943,32.36
623,4,132,1035,B,Night,2025-01-26 22:00:00,5996,76.88,12.07,69.13,116.53,298,13,207.24,21,9,87,4251,31.53
624,4,120,1024,A,Evening,2025-01-26 23:00:00,6420,81.71,12.02,63.53,98.46,151,15,284.19,38,4,89,2038,27.81
625,2,116,1036,D,Evening,2025-01-27 00:00:00,6540,75.53,13.42,58.88,130.86,386,15,226.35,32,3,75,2294,22.61
626,2,121,1000,B,Night,2025-01-27 01:00:00,6482,76.51,12.55,54.6,132.79,132,3,294.43,23,7,89,4559,25.16
627,4,147,1014,D,Night,2025-01-27 02:00:00,6353,72.83,10.95,53.09,109.41,240,5,293.93,54,5,89,352,21.92
628,2,136,1036,C,Morning,2025-01-27 03:00:00,6843,75.1,11.7,49.79,146.27,466,14,230.93,19,5,83,1566,25.11
629,4,114,1012,D,Evening,2025-01-27 04:00:00,5844,66.64,12.84,52.74,111.19,192,7,292.73,32,2,96,835,21.03
630,4,134,1007,D,Evening,2025-01-27 05:00:00,6192,71.41,8.95,54.62,129.38,286,0,234.43,30,6,95,439,23.15
631,5,127,1004,C,Evening,2025-01-27 06:00:00,6716,71.07,10.6,44.0,123.35,336,12,247.26,39,6,79,3687,34.72
632,1,106,1059,A,Night,2025-01-27 07:00:00,5365,78.35,13.02,48.44,89.62,326,17,269.75,57,4,87,1476,25.55
633,4,131,1072,C,Morning,2025-01-27 08:00:00,6201,72.14,13.81,38.1,128.16,436,17,331.58,54,5,78,4819,21.85
634,3,110,1000,C,Evening,2025-01-27 09:00:00,5654,72.29,13.53,55.62,126.81,431,12,287.64,7,7,81,804,18.5
635,1,109,1035,D,Night,2025-01-27 10:00:00,6385,73.11,13.34,55.62,93.5,499,13,247.69,9,8,79,3824,23.5
636,1,108,1034,A,Evening,2025-01-27 11:00:00,5759,71.26,12.19,69.23,142.88,340,10,254.13,0,6,93,4518,27.73
637,1,113,1065,B,Morning,2025-01-27 12:00:00,5638,76.35,10.46,58.0,126.87,218,6,186.68,20,5,93,3008,24.68
638,5,112,1062,C,Evening,2025-01-27 13:00:00,6798,76.89,11.71,50.55,138.59,492,17,290.19,24,3,90,2074,23.73
639,4,124,1022,A,Morning,2025-01-27 14:00:00,6063,79.13,9.01,53.4,94.26,193,3,285.89,31,7,88,1568,26.13
640,5,101,1008,C,Morning,2025-01-27 15:00:00,5923,78.26,13.95,58.89,113.84,233,16,261.34,52,8,75,2242,25.97
641,4,134,1033,C,Evening,2025-01-27 16:00:00,5415,77.76,10.77,56.82,137.71,94,18,278.71,45,3,83,652,27.53
642,5,106,1045,C,Evening,2025-01-27 17:00:00,6378,73.36,11.2,59.63,96.48,292,13,168.99,45,5,94,3591,27.66
643,5,120,1077,C,Morning,2025-01-27 18:00:00,5254,73.03,13.59,58.02,114.28,364,9,206.73,9,2,77,889,23.56
644,3,117,1003,D,Night,2025-01-27 19:00:00,6166,70.64,9.58,52.98,126.1,483,5,322.06,59,4,92,1273,23.31
645,5,102,1029,A,Morning,2025-01-27 20:00:00,6775,70.55,10.22,50.71,91.58,317,17,239.69,50,4,83,652,24.0
646,2,141,1094,A,Evening,2025-01-27 21:00:00,6763,75.97,12.4,50.28,100.18,302,3,280.3,56,8,80,3522,26.8
647,3,138,1074,A,Evening,2025-01-27 22:00:00,6876,71.4,12.78,47.6,140.73,445,10,220.13,47,3,93,4311,29.61
648,5,140,1098,C,Night,2025-01-27 23:00:00,5709,82.34,11.89,46.34,120.9,338,12,232.31,8,5,85,731,22.32
649,1,148,1071,D,Morning,2025-01-28 00:00:00,5576,74.81,11.94,69.71,137.65,261,7,324.19,19,5,89,369,23.18
650,2,110,1002,C,Morning,2025-01-28 01:00:00,5899,82.51,13.9,56.0,122.73,226,9,243.7,47,2,75,960,19.93
651,2,138,1013,C,Morning,2025-01-28 02:00:00,5010,77.86,12.95,53.76,156.84,70,10,270.94,19,9,84,390,16.52
652,2,123,1059,A,Evening,2025-01-28 03:00:00,6643,71.11,12.75,51.03,126.58,365,2,255.22,58,4,84,1557,17.81
653,3,145,1076,C,Morning,2025-01-28 04:00:00,5025,74.69,13.16,58.43,139.05,101,14,259.86,39,9,83,729,18.98
654,5,118,1044,B,Night,2025-01-28 05:00:00,5956,66.63,11.55,64.63,116.31,487,7,258.49,6,9,90,574,20.67
655,5,103,1095,C,Evening,2025-01-28 06:00:00,5420,75.95,15.26,60.79,123.16,472,19,170.9,10,2,81,4732,26.3
656,1,125,1033,B,Evening,2025-01-28 07:00:00,6686,71.57,8.54,62.37,129.63,282,17,269.08,20,9,71,4180,18.64
657,1,137,1044,C,Morning,2025-01-28 08:00:00,6244,69.43,14.19,50.31,132.12,482,0,228.49,37,9,77,4880,24.09
658,2,141,1060,D,Night,2025-01-28 09:00:00,6876,82.61,13.35,54.97,119.42,172,7,321.18,46,2,88,1860,28.19
659,1,131,1082,D,Evening,2025-01-28 10:00:00,5495,80.15,12.37,50.41,120.04,411,2,219.09,18,6,83,3182,19.85
660,3,138,1015,A,Evening,2025-01-28 11:00:00,6260,80.02,12.12,55.86,127.53,497,0,231.14,45,9,74,4808,21.54
661,5,144,1065,C,Morning,2025-01-28 12:00:00,5236,78.91,11.77,65.18,127.52,149,19,347.84,14,4,93,4074,17.4
662,2,145,1039,B,Morning,2025-01-28 13:00:00,6008,68.83,13.66,58.52,104.62,263,15,278.94,5,2,96,3498,19.24
663,1,135,1016,B,Night,2025-01-28 14:00:00,5218,73.0,11.94,68.01,123.37,459,8,210.66,55,7,78,2423,30.85
664,3,139,1033,C,Morning,2025-01-28 15:00:00,6510,73.3,10.91,52.69,124.81,376,16,257.06,9,9,82,3661,26.52
665,3,136,1015,B,Night,2025-01-28 16:00:00,6959,66.45,13.35,48.54,105.36,184,15,201.18,45,6,78,2492,34.75
666,1,132,1059,D,Evening,2025-01-28 17:00:00,5460,72.21,14.38,59.1,133.59,367,5,260.3,15,4,83,3944,20.31
667,5,135,1065,B,Night,2025-01-28 18:00:00,5662,72.27,9.11,55.95,126.19,267,6,217.82,44,1,74,2515,31.54
668,1,102,1065,A,Night,2025-01-28 19:00:00,5634,75.63,15.54,57.58,154.96,137,15,324.59,10,4,71,3904,20.36
669,2,108,1089,D,Night,2025-01-28 20:00:00,6167,87.66,10.44,56.39,119.61,329,7,266.84,56,3,76,4926,21.49
670,1,107,1012,D,Evening,2025-01-28 21:00:00,5989,74.9,10.56,51.12,137.04,89,9,271.1,34,7,85,1724,37.61
671,3,132,1055,D,Morning,2025-01-28 22:00:00,5188,75.63,10.13,56.57,128.09,289,13,287.99,7,5,80,1608,19.82
672,1,105,1030,C,Evening,2025-01-28 23:00:00,5254,73.75,12.0,62.79,148.82,381,10,292.46,27,3,80,4210,31.93
673,5,140,1033,C,Morning,2025-01-29 00:00:00,5067,78.69,10.08,63.61,105.45,480,1,222.44,2,2,92,4953,23.84
674,4,138,1038,D,Night,2025-01-29 01:00:00,5615,69.63,10.26,51.08,112.57,185,11,253.8,1,2,81,103,18.62
675,1,103,1066,C,Night,2025-01-29 02:00:00,5335,84.48,10.97,56.85,105.96,231,19,232.18,52,5,82,3547,16.85
676,5,112,1007,B,Night,2025-01-29 03:00:00,5670,74.38,12.21,66.82,118.83,314,19,333.76,13,8,77,2680,24.53
677,5,148,1086,C,Night,2025-01-29 04:00:00,5820,73.02,12.35,51.26,103.13,308,12,158.59,51,8,93,3891,18.38
678,3,101,1077,C,Night,2025-01-29 05:00:00,5873,79.85,13.86,49.8,97.11,231,14,227.0,28,5,85,1260,22.52
679,5,104,1054,D,Morning,2025-01-29 06:00:00,6432,70.55,13.83,61.36,88.0,70,11,246.8,52,2,90,933,14.48
680,5,143,1026,A,Morning,2025-01-29 07:00:00,5299,78.6,13.54,59.95,87.04,400,12,255.48,53,4,70,2098,25.77
681,5,126,1092,A,Night,2025-01-29 08:00:00,6931,82.03,11.61,48.3,129.85,481,7,254.66,46,7,82,1302,16.29
682,5,131,1052,A,Evening,2025-01-29 09:00:00,6625,73.79,9.24,43.8,113.17,480,15,248.15,2,6,80,2275,23.7
683,2,120,1038,B,Evening,2025-01-29 10:00:00,5356,85.26,9.21,56.69,101.49,245,2,243.5,0,7,98,1481,17.08
684,2,107,1064,C,Night,2025-01-29 11:00:00,5255,78.22,13.53,51.65,110.11,261,12,259.65,14,5,73,4273,30.13
685,3,137,1016,A,Morning,2025-01-29 12:00:00,6007,78.28,13.27,41.53,112.08,496,11,268.46,19,2,73,2888,13.45
686,1,107,1029,D,Evening,2025-01-29 13:00:00,5352,81.83,11.07,49.5,105.53,65,18,321.63,21,8,84,2921,22.59
687,5,149,1052,A,Evening,2025-01-29 14:00:00,6755,83.15,9.84,59.82,144.08,251,1,321.27,33,2,96,4277,26.8
688,1,102,1012,A,Evening,2025-01-29 15:00:00,6544,76.31,10.43,53.79,141.25,412,0,262.04,49,8,72,441,25.79
689,1,143,1020,C,Night,2025-01-29 16:00:00,5523,78.98,12.26,67.53,143.83,267,7,230.19,32,7,93,1461,17.77
690,3,102,1018,C,Evening,2025-01-29 17:00:00,6860,81.98,12.26,38.3,122.69,142,8,232.98,8,3,88,4291,15.3
691,5,121,1052,C,Evening,2025-01-29 18:00:00,5949,69.19,13.56,65.7,124.21,182,7,197.44,2,4,98,4716,27.91
692,5,105,1018,B,Evening,2025-01-29 19:00:00,5755,66.35,11.32,52.25,110.21,188,16,288.13,1,7,90,1095,23.38
693,4,101,1056,B,Evening,2025-01-29 20:00:00,6717,74.71,11.63,51.09,107.29,206,8,248.21,3,4,71,456,18.64
694,1,122,1024,A,Morning,2025-01-29 21:00:00,5283,66.23,13.69,42.59,120.33,384,5,267.49,15,9,75,285,28.09
695,1,143,1085,C,Night,2025-01-29 22:00:00,6335,73.43,8.81,58.72,129.79,119,14,263.35,53,7,91,1793,21.19
696,2,101,1030,A,Night,2025-01-29 23:00:00,5098,76.57,12.48,40.39,137.94,353,12,222.1,32,1,93,2690,20.71
697,4,137,1080,D,Morning,2025-01-30 00:00:00,5196,73.62,11.5,61.54,111.81,64,11,217.16,8,1,77,1442,19.67
698,2,116,1054,D,Morning,2025-01-30 01:00:00,5481,74.29,13.07,42.89,101.21,284,12,231.88,56,4,86,1791,20.2
699,2,134,1022,C,Night,2025-01-30 02:00:00,5877,69.99,12.77,44.15,131.01,261,6,269.43,39,9,74,1182,20.02
700,2,133,1031,C,Evening,2025-01-30 03:00:00,6249,78.94,10.96,45.47,92.73,339,17,246.77,37,4,71,2157,25.64
701,3,122,1061,D,Evening,2025-01-30 04:00:00,6868,69.68,11.24,49.27,119.41,109,13,179.39,51,5,95,3004,31.75
702,3,129,1073,C,Night,2025-01-30 05:00:00,5614,64.49,8.55,62.54,121.34,301,10,209.03,17,1,81,3295,17.02
703,2,107,1009,B,Evening,2025-01-30 06:00:00,5617,73.96,13.12,67.03,114.32,495,13,239.31,15,2,74,4551,22.29
704,4,121,1099,B,Morning,2025-01-30 07:00:00,6388,79.58,12.36,50.1,96.82,51,16,248.78,7,4,79,3517,23.18
705,1,143,1071,C,Evening,2025-01-30 08:00:00,5367,75.4,14.1,54.63,114.52,285,1,270.62,22,4,97,2480,26.32
706,4,135,1053,D,Evening,2025-01-30 09:00:00,5569,69.18,11.4,58.92,144.64,385,18,251.57,59,6,78,116,28.94
707,5,104,1051,A,Evening,2025-01-30 10:00:00,5589,75.51,13.37,52.37,128.88,68,15,235.49,35,6,89,423,23.2
708,3,112,1019,C,Night,2025-01-30 11:00:00,6098,77.19,10.4,58.61,137.43,98,9,234.12,2,8,77,2170,20.81
709,1,128,1031,C,Morning,2025-01-30 12:00:00,6065,75.45,7.94,54.97,101.74,127,7,258.06,14,9,70,1030,26.89
710,1,130,1013,A,Evening,2025-01-30 13:00:00,5421,73.68,11.86,52.97,123.84,77,4,266.72,37,1,93,4654,15.8
711,5,146,1049,C,Night,2025-01-30 14:00:00,5835,77.43,11.15,43.64,121.33,97,6,236.81,32,1,75,4752,13.28
712,5,115,1027,A,Evening,2025-01-30 15:00:00,6204,66.31,10.42,56.19,121.62,145,12,206.89,17,6,93,1544,36.95
713,2,141,1052,D,Morning,2025-01-30 16:00:00,5544,70.53,13.35,62.67,128.34,214,15,246.06,22,4,91,4136,19.96
714,3,129,1023,B,Evening,2025-01-30 17:00:00,5070,68.47,13.81,48.77,122.21,482,4,224.01,42,4,80,502,21.93
715,3,115,1078,D,Morning,2025-01-30 18:00:00,6591,81.74,12.16,39.25,102.16,414,15,261.5,2,1,72,3502,26.72
716,4,111,1021,B,Evening,2025-01-30 19:00:00,6128,78.56,11.73,52.44,129.2,225,14,309.23,29,9,97,4652,25.73
717,2,116,1029,A,Morning,2025-01-30 20:00:00,6223,75.93,12.09,67.08,132.61,122,8,195.94,44,3,84,1606,28.43
718,2,115,1062,B,Evening,2025-01-30 21:00:00,6124,67.75,11.02,64.7,139.79,405,11,296.03,16,5,80,1621,28.69
719,2,111,1003,D,Morning,2025-01-30 22:00:00,5767,78.72,12.84,50.36,140.45,78,7,268.76,49,1,93,3198,16.79
720,2,107,1076,B,Evening,2025-01-30 23:00:00,5306,81.93,9.69,58.64,127.15,493,12,294.11,57,8,74,2544,30.35
721,3,119,1058,A,Evening,2025-01-31 00:00:00,6609,77.86,10.39,59.91,102.86,206,4,232.57,57,3,97,2287,26.55
722,3,102,1086,B,Night,2025-01-31 01:00:00,6706,74.82,10.81,66.92,97.06,363,13,192.16,31,1,95,2668,25.89
723,2,115,1007,C,Night,2025-01-31 02:00:00,5376,78.16,12.81,42.6,116.59,353,15,257.19,45,6,85,2893,26.11
724,4,129,1081,D,Morning,2025-01-31 03:00:00,5654,76.36,11.55,46.45,133.79,328,10,305.99,56,1,90,191,12.84
725,1,144,1011,C,Evening,2025-01-31 04:00:00,5677,79.63,14.04,38.92,132.83,332,19,207.58,6,3,97,4862,22.95
726,1,122,1030,A,Morning,2025-01-31 05:00:00,5398,79.52,13.2,49.57,124.11,56,11,213.59,38,5,76,1853,19.17
727,4,127,1077,B,Night,2025-01-31 06:00:00,6796,73.89,10.8,63.53,119.45,354,14,273.49,13,4,75,4992,18.45
728,2,139,1033,C,Morning,2025-01-31 07:00:00,5220,71.7,12.95,50.52,148.56,231,11,229.51,57,7,78,187,21.56
729,3,104,1081,C,Morning,2025-01-31 08:00:00,6618,73.0,11.39,44.53,128.61,158,8,316.64,55,6,76,1741,28.13
730,1,119,1097,B,Night,2025-01-31 09:00:00,5181,77.68,12.71,56.81,118.69,373,0,276.08,14,3,72,3062,25.44
731,5,139,1074,B,Evening,2025-01-31 10:00:00,5306,73.3,13.28,57.02,110.32,255,2,221.23,43,8,80,2242,26.19
732,5,143,1075,D,Morning,2025-01-31 11:00:00,5521,71.25,13.67,46.86,104.87,283,11,227.41,11,8,96,650,21.77
733,4,100,1048,C,Night,2025-01-31 12:00:00,6419,75.0,12.3,50.95,103.39,475,19,229.0,7,2,81,2546,25.88
734,2,129,1078,C,Evening,2025-01-31 13:00:00,6013,80.54,14.4,56.2,104.87,236,12,248.28,15,7,90,2051,23.0
735,1,120,1056,A,Night,2025-01-31 14:00:00,5003,75.68,12.66,60.97,124.21,477,5,262.18,40,1,94,2390,28.75
736,2,119,1094,D,Morning,2025-01-31 15:00:00,5862,73.62,12.2,49.81,119.73,459,9,259.26,33,2,80,3937,27.48
737,1,105,1092,A,Evening,2025-01-31 16:00:00,6937,76.6,11.55,48.66,115.11,456,9,205.01,45,8,98,723,24.8
738,4,121,1025,C,Evening,2025-01-31 17:00:00,5847,75.42,11.05,70.3,131.05,378,15,286.08,23,1,95,3857,19.99
739,4,117,1017,A,Night,2025-01-31 18:00:00,5803,65.33,12.63,52.81,147.14,406,0,238.4,55,2,99,4896,25.36
740,5,107,1095,C,Night,2025-01-31 19:00:00,6304,78.48,12.15,57.0,107.65,57,15,212.9,28,1,71,3392,25.21
741,2,138,1085,C,Night,2025-01-31 20:00:00,5214,77.04,12.39,60.19,109.89,102,3,231.48,15,5,70,3932,24.6
742,5,131,1037,A,Evening,2025-01-31 21:00:00,5971,75.08,12.72,40.7,86.74,447,5,290.57,4,7,96,2711,21.62
743,2,132,1080,A,Evening,2025-01-31 22:00:00,6633,80.31,12.38,54.85,119.61,248,18,257.61,4,6,93,261,20.73
744,5,115,1086,B,Morning,2025-01-31 23:00:00,6443,81.06,15.02,41.83,118.09,440,1,261.1,51,6,93,2092,25.61
745,3,111,1087,B,Evening,2025-02-01 00:00:00,5100,78.99,11.21,53.95,133.39,186,17,203.2,29,6,71,2182,19.71
746,3,137,1049,B,Morning,2025-02-01 01:00:00,5962,70.75,12.65,65.98,118.7,308,9,255.29,52,8,83,3113,22.74
747,3,133,1007,C,Night,2025-02-01 02:00:00,6544,70.92,11.66,47.01,111.18,383,3,289.9,49,5,82,136,26.93
748,3,113,1040,A,Night,2025-02-01 03:00:00,5572,80.59,8.31,41.67,122.89,450,0,177.88,49,7,93,945,26.21
749,1,135,1005,D,Evening,2025-02-01 04:00:00,6332,65.61,11.71,70.1,128.36,221,14,234.44,4,3,74,2976,18.21
750,3,132,1068,C,Night,2025-02-01 05:00:00,5657,74.26,10.6,45.82,95.73,135,9,274.93,42,9,71,3446,25.49
751,4,122,1043,D,Night,2025-02-01 06:00:00,5938,77.2,11.9,43.01,135.1,95,17,256.33,12,3,92,4154,34.16
752,4,149,1063,A,Evening,2025-02-01 07:00:00,6954,66.25,11.96,67.95,139.59,395,15,209.25,34,6,92,4300,27.38
753,1,144,1028,C,Morning,2025-02-01 08:00:00,6533,76.17,12.58,45.51,128.21,235,12,265.93,48,3,88,435,22.63
754,3,101,1027,D,Evening,2025-02-01 09:00:00,6086,79.77,11.2,68.16,105.98,205,14,203.3,24,1,99,3197,30.54
755,3,140,1010,D,Morning,2025-02-01 10:00:00,6656,67.57,11.39,57.19,115.11,447,1,215.3,49,1,86,2443,35.0
756,3,120,1064,B,Evening,2025-02-01 11:00:00,5225,83.29,13.05,65.27,137.74,58,19,219.5,13,3,80,1660,28.32
757,5,101,1018,B,Evening,2025-02-01 12:00:00,5104,69.95,10.79,56.49,105.33,164,3,311.74,43,4,85,4264,15.34
758,2,126,1008,B,Night,2025-02-01 13:00:00,6997,77.87,9.24,63.64,129.43,203,0,183.21,45,2,89,4346,27.08
759,5,108,1026,C,Evening,2025-02-01 14:00:00,5771,74.58,12.24,47.65,119.24,179,6,186.16,25,9,87,761,30.74
760,2,100,1033,A,Evening,2025-02-01 15:00:00,6884,75.35,13.61,50.09,122.4,380,10,261.33,17,8,89,4952,13.68
761,3,110,1043,A,Morning,2025-02-01 16:00:00,6448,68.58,13.03,38.08,107.46,130,9,254.19,19,3,77,3839,28.69
762,3,102,1067,B,Night,2025-02-01 17:00:00,6278,81.3,12.26,62.77,124.96,433,0,231.2,33,7,71,3283,22.98
763,5,122,1099,B,Morning,2025-02-01 18:00:00,5428,76.63,13.88,58.36,123.89,339,10,250.55,6,4,86,1585,30.58
764,5,125,1081,B,Morning,2025-02-01 19:00:00,5433,83.1,13.62,46.94,97.36,196,9,207.42,46,5,80,2509,23.64
765,2,103,1014,D,Night,2025-02-01 20:00:00,6230,68.71,11.5,41.01,119.93,344,13,253.69,59,4,83,4398,25.72
766,4,117,1050,B,Night,2025-02-01 21:00:00,6051,74.09,12.37,57.25,129.21,318,13,258.38,9,9,85,2634,25.8
767,2,105,1012,D,Night,2025-02-01 22:00:00,5681,76.05,12.44,68.41,114.22,182,6,298.59,14,7,84,103,27.57
768,5,134,1082,A,Evening,2025-02-01 23:00:00,6359,75.3,11.87,53.9,83.28,99,10,326.29,16,4,84,3197,26.24
769,5,121,1048,C,Night,2025-02-02 00:00:00,5587,78.33,13.7,49.73,118.28,72,3,239.3,10,8,72,2948,19.5
770,1,142,1069,C,Night,2025-02-02 01:00:00,6651,74.03,11.77,47.5,142.0,427,1,199.07,33,2,95,126,22.68
771,5,114,1055,C,Night,2025-02-02 02:00:00,6092,85.61,11.25,64.99,114.83,425,6,265.4,26,7,76,1064,23.97
772,1,121,1075,C,Morning,2025-02-02 03:00:00,5865,75.2,8.11,48.77,141.43,137,18,244.65,20,1,98,3196,30.15
773,4,136,1050,D,Morning,2025-02-02 04:00:00,5745,60.58,10.8,52.03,107.81,462,13,242.88,30,8,81,171,26.42
774,2,141,1036,D,Evening,2025-02-02 05:00:00,6536,75.42,10.03,63.33,102.59,161,18,185.56,49,6,91,3047,20.71
775,2,111,1016,B,Morning,2025-02-02 06:00:00,6190,81.31,11.94,60.1,119.92,160,6,253.94,56,5,91,2415,19.4
776,1,146,1057,D,Evening,2025-02-02 07:00:00,5863,70.38,10.12,52.34,107.66,121,11,266.91,3,9,92,3997,27.27
777,2,148,1086,B,Morning,2025-02-02 08:00:00,6753,70.07,12.91,49.41,124.95,203,2,289.74,40,9,93,4590,21.63
778,5,141,1089,B,Night,2025-02-02 09:00:00,6808,70.8,13.66,66.72,114.41,106,14,229.78,58,3,72,2511,27.77
779,3,137,1028,C,Morning,2025-02-02 10:00:00,5367,69.62,11.95,46.07,142.11,306,4,216.98,59,9,88,216,23.72
780,1,117,1032,D,Evening,2025-02-02 11:00:00,5250,72.6,10.52,53.32,113.37,205,7,229.46,48,9,79,2311,31.3
781,2,144,1059,D,Morning,2025-02-02 12:00:00,5858,79.55,12.43,42.95,121.35,162,13,287.35,16,2,98,3024,20.31
782,1,134,1090,B,Night,2025-02-02 13:00:00,5855,82.63,14.84,64.51,128.95,367,3,305.44,48,5,77,2937,31.19
783,1,129,1088,B,Evening,2025-02-02 14:00:00,6954,62.88,14.37,51.2,134.34,96,6,294.84,47,2,85,676,28.92
784,3,123,1054,A,Night,2025-02-02 15:00:00,6709,73.11,9.89,49.4,142.19,287,6,275.91,19,1,85,871,21.8
785,5,141,1009,A,Night,2025-02-02 16:00:00,6193,76.51,9.84,60.29,116.48,383,17,248.71,24,7,81,299,19.61
786,1,129,1046,B,Evening,2025-02-02 17:00:00,6781,76.01,9.45,43.6,114.01,155,13,254.95,39,4,98,1855,33.64
787,2,113,1022,A,Night,2025-02-02 18:00:00,6958,84.5,10.29,60.08,91.29,236,7,260.78,22,5,99,279,19.49
788,4,105,1084,A,Night,2025-02-02 19:00:00,6113,64.95,12.38,52.12,150.63,208,11,239.92,14,4,98,2505,25.53
789,1,102,1020,B,Morning,2025-02-02 20:00:00,5560,62.05,11.16,45.36,125.41,247,9,285.57,32,6,92,3423,25.73
790,1,115,1012,B,Night,2025-02-02 21:00:00,6469,85.31,10.74,47.08,131.28,431,13,183.89,18,2,95,4848,24.05
791,3,106,1032,D,Night,2025-02-02 22:00:00,5293,78.77,13.56,49.53,128.34,226,8,191.29,56,8,74,4873,27.91
792,5,113,1023,B,Night,2025-02-02 23:00:00,5918,72.14,12.8,51.45,120.74,310,5,183.82,14,4,89,2401,19.35
793,4,108,1010,B,Night,2025-02-03 00:00:00,6173,75.86,9.44,45.41,125.26,336,4,217.91,40,8,75,3088,33.67
794,2,114,1016,C,Evening,2025-02-03 01:00:00,6155,76.22,13.47,57.36,111.61,342,0,303.85,4,3,94,1702,19.88
795,4,120,1067,D,Morning,2025-02-03 02:00:00,5432,72.02,12.76,45.2,115.47,384,0,202.44,15,5,75,1219,23.28
796,2,134,1046,D,Night,2025-02-03 03:00:00,5058,75.71,12.79,36.08,105.75,192,19,203.91,59,3,77,2314,16.81
797,5,101,1024,D,Night,2025-02-03 04:00:00,5968,76.77,11.14,70.36,143.36,357,16,216.99,44,7,86,2011,29.23
798,2,126,1093,C,Evening,2025-02-03 05:00:00,5835,85.08,11.72,56.58,128.42,246,10,294.3,47,3,81,3001,33.44
799,3,101,1072,B,Night,2025-02-03 06:00:00,5198,79.82,9.04,71.08,149.64,274,11,307.41,31,8,99,1185,34.04
800,3,134,1020,D,Evening,2025-02-03 07:00:00,5214,83.7,13.3,46.65,154.45,444,2,290.6,21,9,91,273,29.67
801,3,117,1083,D,Morning,2025-02-03 08:00:00,5897,68.28,10.5,58.84,98.94,92,5,293.08,42,2,99,3632,22.14
802,3,113,1082,A,Morning,2025-02-03 09:00:00,6584,73.26,10.69,62.16,134.78,200,10,316.08,31,3,83,4819,24.01
803,4,119,1082,D,Night,2025-02-03 10:00:00,5471,76.21,10.67,53.49,99.63,345,12,178.14,12,7,71,1338,22.39
804,5,117,1011,B,Night,2025-02-03 11:00:00,6767,65.39,14.7,43.44,122.66,112,10,201.0,37,5,88,3410,17.93
805,2,109,1036,B,Night,2025-02-03 12:00:00,5246,80.91,11.0,52.88,124.72,179,7,221.97,25,7,75,4934,22.52
806,2,124,1041,A,Evening,2025-02-03 13:00:00,5381,78.21,13.41,60.01,100.69,304,9,254.15,51,2,87,3913,28.54
807,3,101,1016,D,Night,2025-02-03 14:00:00,5990,73.16,11.96,59.71,108.94,392,1,254.02,16,4,73,3916,19.67
808,3,124,1047,D,Night,2025-02-03 15:00:00,6262,74.08,10.76,54.99,125.41,263,13,254.64,4,1,91,4870,12.6
809,1,132,1027,D,Morning,2025-02-03 16:00:00,5926,81.27,10.48,62.18,122.64,122,15,283.37,48,5,74,2073,17.73
810,5,135,1040,C,Night,2025-02-03 17:00:00,6390,71.02,11.06,61.8,104.72,480,16,173.29,32,8,75,3882,28.09
811,4,130,1098,D,Morning,2025-02-03 18:00:00,6191,81.47,11.89,50.81,109.53,153,10,244.39,26,1,84,2344,15.41
812,2,113,1046,B,Night,2025-02-03 19:00:00,5559,73.74,12.9,42.84,97.63,207,1,260.62,4,7,75,1757,21.64
813,1,100,1017,B,Morning,2025-02-03 20:00:00,6074,78.78,11.29,56.52,101.96,321,4,236.98,36,7,77,512,22.08
814,1,145,1077,C,Night,2025-02-03 21:00:00,6834,75.43,11.24,49.03,114.43,364,15,257.57,6,7,78,3510,25.29
815,2,115,1098,C,Morning,2025-02-03 22:00:00,6633,86.17,10.68,56.15,134.81,287,15,290.89,47,1,90,4192,25.17
816,4,145,1070,D,Evening,2025-02-03 23:00:00,6974,70.56,10.21,65.76,136.71,352,1,252.49,17,3,91,1482,26.0
817,1,102,1012,A,Morning,2025-02-04 00:00:00,6751,72.13,10.08,58.5,147.5,421,15,335.51,30,2,75,1223,23.26
818,1,134,1081,C,Morning,2025-02-04 01:00:00,5688,67.47,13.48,65.37,126.36,207,4,288.04,5,5,91,4429,19.28
819,5,140,1012,C,Morning,2025-02-04 02:00:00,5379,69.52,11.21,46.91,122.82,158,7,260.65,1,2,71,4112,28.51
820,4,105,1099,D,Night,2025-02-04 03:00:00,5473,78.57,11.34,63.7,127.43,58,19,270.15,12,5,85,2343,15.18
821,1,124,1030,D,Night,2025-02-04 04:00:00,6103,83.0,11.0,68.41,127.28,370,13,279.73,41,5,89,2689,27.91
822,4,112,1001,C,Night,2025-02-04 05:00:00,5696,79.13,11.52,55.51,95.75,108,9,317.42,52,4,70,1878,29.72
823,2,133,1015,A,Evening,2025-02-04 06:00:00,6390,74.97,12.56,73.58,148.33,407,1,296.97,51,7,99,1229,35.68
824,3,107,1008,C,Evening,2025-02-04 07:00:00,6484,70.53,11.27,48.14,91.04,241,2,270.57,10,6,97,744,20.23
825,1,120,1072,D,Morning,2025-02-04 08:00:00,5910,79.49,12.27,49.89,137.23,185,17,220.85,25,2,85,3622,21.2
826,5,133,1037,D,Evening,2025-02-04 09:00:00,6562,70.26,14.13,60.2,120.85,300,1,266.6,20,4,70,1657,24.27
827,2,103,1074,C,Morning,2025-02-04 10:00:00,6475,68.26,10.77,55.44,103.66,428,8,273.16,1,7,70,4601,23.89
828,4,124,1053,A,Morning,2025-02-04 11:00:00,6487,73.46,11.34,49.06,127.97,485,1,281.11,39,9,76,2873,28.17
829,2,114,1055,C,Morning,2025-02-04 12:00:00,5959,64.83,12.96,59.95,118.23,195,6,220.64,55,9,85,2885,26.61
830,1,103,1085,C,Evening,2025-02-04 13:00:00,5477,68.09,14.25,57.84,109.76,396,6,279.52,53,3,86,1806,22.24
831,4,144,1096,D,Night,2025-02-04 14:00:00,6003,84.43,10.14,50.31,99.28,401,13,282.02,50,1,85,2701,23.51
832,3,111,1099,A,Evening,2025-02-04 15:00:00,5925,67.17,9.45,56.51,98.02,107,4,201.61,19,9,85,3743,28.67
833,2,131,1086,B,Morning,2025-02-04 16:00:00,6443,69.06,12.0,61.07,110.84,226,7,201.94,16,8,75,474,17.67
834,1,131,1044,A,Morning,2025-02-04 17:00:00,5706,75.36,11.84,50.13,114.2,337,17,294.72,15,7,87,1712,22.83
835,5,127,1033,C,Evening,2025-02-04 18:00:00,6237,75.62,13.05,59.14,101.84,294,5,215.79,56,6,91,554,26.77
836,4,112,1008,C,Morning,2025-02-04 19:00:00,6392,73.83,12.82,48.06,120.58,97,13,311.51,41,7,91,4397,18.67
837,2,130,1087,C,Morning,2025-02-04 20:00:00,5853,64.98,11.95,49.61,103.98,350,17,238.84,4,9,97,1575,6.3
838,2,113,1007,A,Evening,2025-02-04 21:00:00,6137,79.24,13.57,63.89,125.4,487,16,265.39,13,6,96,953,31.23
839,3,119,1006,D,Evening,2025-02-04 22:00:00,6016,72.78,10.98,59.91,138.47,405,8,263.45,23,3,72,823,23.9
840,3,117,1035,C,Evening,2025-02-04 23:00:00,5753,81.1,12.32,39.91,124.34,149,12,221.42,50,3,77,1491,17.71
841,5,128,1017,C,Morning,2025-02-05 00:00:00,5502,71.78,10.18,52.01,118.59,262,15,305.62,3,4,96,2487,28.6
842,5,105,1002,A,Morning,2025-02-05 01:00:00,6659,79.91,11.94,58.92,111.98,351,9,238.88,51,8,73,361,22.96
843,1,131,1027,B,Night,2025-02-05 02:00:00,5816,81.48,9.81,56.11,141.69,464,9,252.35,47,9,98,642,18.83
844,1,128,1069,B,Night,2025-02-05 03:00:00,5587,72.67,10.33,59.95,117.1,214,3,170.71,23,8,92,650,25.85
845,5,142,1043,D,Evening,2025-02-05 04:00:00,6334,79.4,14.56,55.93,157.35,449,11,196.54,46,2,73,3897,24.26
846,5,101,1020,D,Night,2025-02-05 05:00:00,6492,68.36,9.26,53.94,102.25,479,7,295.09,59,4,86,737,20.93
847,4,122,1027,C,Morning,2025-02-05 06:00:00,6847,76.32,11.68,53.69,124.35,175,14,249.78,8,4,91,264,20.15
848,3,118,1053,A,Night,2025-02-05 07:00:00,5707,81.11,13.24,63.73,141.19,351,18,226.58,2,2,74,2905,18.87
849,1,130,1053,C,Morning,2025-02-05 08:00:00,6886,77.59,15.33,60.56,109.65,170,14,227.22,54,8,94,720,27.68
850,3,104,1064,D,Evening,2025-02-05 09:00:00,6067,87.03,12.27,58.24,116.46,137,7,271.94,8,3,83,1323,17.76
851,3,118,1099,A,Evening,2025-02-05 10:00:00,6438,77.87,12.35,55.71,129.39,266,7,300.41,17,2,99,3442,20.01
852,5,133,1020,A,Morning,2025-02-05 11:00:00,6721,73.17,12.06,50.61,125.82,110,18,227.53,35,7,84,150,24.51
853,4,109,1098,D,Night,2025-02-05 12:00:00,6878,89.2,13.59,52.55,128.4,351,8,293.83,18,1,94,588,31.29
854,2,124,1012,B,Evening,2025-02-05 13:00:00,6269,83.17,12.65,63.52,137.4,228,16,243.6,23,6,81,764,24.66
855,4,101,1056,B,Evening,2025-02-05 14:00:00,6972,66.99,11.14,62.76,114.8,239,7,270.03,3,3,96,1346,26.94
856,4,110,1048,A,Night,2025-02-05 15:00:00,6107,71.08,13.67,49.81,141.56,212,11,179.0,8,3,82,2810,24.51
857,3,149,1053,C,Night,2025-02-05 16:00:00,5206,69.81,11.31,55.8,94.2,130,14,185.85,32,5,93,4461,28.53
858,4,130,1009,B,Morning,2025-02-05 17:00:00,5150,78.23,9.6,58.99,136.16,219,3,282.8,0,3,92,4268,33.69
859,1,114,1052,C,Night,2025-02-05 18:00:00,5667,77.86,9.61,58.47,137.21,350,5,261.0,51,4,99,4052,21.81
860,3,108,1043,B,Night,2025-02-05 19:00:00,5527,77.82,11.7,58.4,108.38,423,15,266.15,50,3,87,2691,24.07
861,1,122,1046,B,Night,2025-02-05 20:00:00,5164,66.85,12.15,46.1,98.24,245,4,206.85,34,7,83,980,24.87
862,2,118,1052,C,Morning,2025-02-05 21:00:00,5916,71.81,13.43,45.63,116.52,252,12,233.11,9,3,93,534,26.65
863,3,108,1073,D,Morning,2025-02-05 22:00:00,6998,74.25,12.96,64.36,126.06,96,14,183.11,11,4,88,2084,24.66
864,2,134,1045,B,Evening,2025-02-05 23:00:00,6168,65.89,12.12,67.07,114.97,207,16,216.1,17,2,91,4552,21.28
865,3,120,1012,B,Morning,2025-02-06 00:00:00,6009,70.64,13.52,43.15,127.53,457,19,249.09,13,2,95,4213,23.96
866,5,108,1036,C,Evening,2025-02-06 01:00:00,5036,81.78,12.02,54.78,149.07,243,4,263.11,9,9,76,3970,36.16
867,4,127,1023,D,Night,2025-02-06 02:00:00,5332,67.23,10.06,61.51,99.53,476,18,221.48,9,1,97,2722,25.57
868,5,145,1001,B,Evening,2025-02-06 03:00:00,5402,82.28,9.74,37.37,90.69,467,6,272.09,17,1,75,1892,14.45
869,2,106,1085,B,Evening,2025-02-06 04:00:00,5413,80.46,13.92,46.41,118.96,328,2,248.47,23,1,74,2898,22.03
870,4,115,1080,D,Night,2025-02-06 05:00:00,5044,73.55,8.63,54.26,109.8,366,12,240.96,0,3,73,3612,24.07
871,3,115,1099,B,Evening,2025-02-06 06:00:00,6425,71.76,11.7,50.22,112.8,470,13,253.35,29,2,87,1593,23.3
872,4,132,1013,D,Morning,2025-02-06 07:00:00,5205,79.16,16.47,56.67,139.0,318,15,333.98,14,3,94,2779,23.66
873,1,103,1009,D,Morning,2025-02-06 08:00:00,5061,71.06,12.69,66.76,118.19,248,12,243.56,7,5,83,1725,25.43
874,4,103,1034,C,Morning,2025-02-06 09:00:00,5419,71.31,11.69,48.18,119.57,273,1,288.09,57,9,85,2519,26.54
875,1,138,1024,A,Morning,2025-02-06 10:00:00,5867,74.88,9.47,55.4,113.45,312,13,271.85,34,2,92,3117,25.29
876,4,139,1002,D,Evening,2025-02-06 11:00:00,6491,64.35,14.43,52.24,119.42,475,19,240.07,17,1,92,1947,28.75
877,1,116,1016,C,Evening,2025-02-06 12:00:00,5819,67.75,13.82,56.09,124.03,215,6,187.99,40,6,89,3346,16.52
878,2,136,1011,A,Night,2025-02-06 13:00:00,5018,73.42,13.03,55.05,161.77,229,4,224.91,15,3,83,1638,22.74
879,5,138,1053,B,Evening,2025-02-06 14:00:00,5364,77.38,12.0,76.1,124.19,477,13,253.06,20,7,74,1416,26.17
880,3,128,1023,A,Evening,2025-02-06 15:00:00,6323,70.99,12.86,66.92,137.44,241,8,245.81,14,6,91,1819,25.28
881,4,135,1028,D,Evening,2025-02-06 16:00:00,6030,74.01,11.78,42.35,122.8,446,9,301.87,4,7,97,2050,20.74
882,5,137,1042,D,Night,2025-02-06 17:00:00,6784,66.93,10.54,47.8,89.58,265,6,220.66,44,5,80,323,21.34
883,3,138,1024,D,Morning,2025-02-06 18:00:00,5427,79.66,13.43,48.78,111.49,333,13,244.13,53,1,81,2126,19.79
884,3,149,1099,D,Evening,2025-02-06 19:00:00,6140,76.1,11.92,45.13,124.18,401,13,271.45,51,3,87,1647,28.88
885,1,136,1059,D,Night,2025-02-06 20:00:00,5579,76.54,12.78,44.05,130.85,156,1,238.87,6,3,73,3878,14.74
886,2,134,1089,C,Night,2025-02-06 21:00:00,6530,77.44,11.82,53.57,123.15,147,16,288.95,47,7,82,3823,17.59
887,2,106,1064,D,Night,2025-02-06 22:00:00,5545,75.39,12.69,49.08,133.81,417,19,206.5,6,3,89,1623,26.09
888,5,126,1083,C,Morning,2025-02-06 23:00:00,6729,72.58,11.98,47.87,98.1,279,3,189.21,26,5,97,2803,26.72
889,2,127,1027,B,Evening,2025-02-07 00:00:00,5324,80.65,11.86,71.16,120.73,306,12,238.54,24,4,82,2072,16.08
890,4,121,1015,D,Night,2025-02-07 01:00:00,5054,75.78,12.04,49.63,139.92,92,17,247.16,21,4,73,4628,27.13
891,2,113,1046,D,Morning,2025-02-07 02:00:00,5777,74.17,16.44,51.45,105.43,291,2,258.72,47,7,92,4704,24.9
892,5,106,1080,A,Night,2025-02-07 03:00:00,5991,74.96,13.2,60.93,136.81,91,18,255.54,12,1,98,4703,26.58
893,2,136,1091,B,Night,2025-02-07 04:00:00,5041,74.85,15.88,51.43,136.03,144,4,233.66,16,7,92,716,24.36
894,4,121,1057,D,Night,2025-02-07 05:00:00,6320,74.12,11.99,45.67,101.44,483,0,189.68,40,8,76,4615,26.13
895,1,104,1075,D,Night,2025-02-07 06:00:00,6996,77.23,11.54,52.94,125.07,303,8,245.25,43,3,92,4269,26.3
896,5,101,1026,B,Night,2025-02-07 07:00:00,5230,70.32,10.39,71.07,122.38,237,7,208.43,12,3,71,2721,26.36
897,1,126,1052,C,Morning,2025-02-07 08:00:00,5452,70.69,14.4,51.15,117.35,434,2,252.82,25,4,90,4341,25.22
898,1,120,1041,D,Evening,2025-02-07 09:00:00,6913,77.8,10.64,47.71,97.1,356,1,205.68,8,6,95,2193,23.57
899,1,137,1058,A,Evening,2025-02-07 10:00:00,5393,74.27,14.71,58.36,116.05,449,0,265.17,4,7,87,1864,23.6
900,3,114,1046,D,Evening,2025-02-07 11:00:00,6545,79.86,10.48,52.55,117.66,216,11,316.72,38,1,90,3276,25.15
901,3,120,1093,A,Evening,2025-02-07 12:00:00,6381,77.04,13.33,76.91,94.53,320,12,220.96,32,4,97,1232,28.13
902,1,109,1033,A,Morning,2025-02-07 13:00:00,6467,72.24,9.61,48.7,100.42,174,9,199.4,3,7,75,4316,33.82
903,5,122,1036,D,Morning,2025-02-07 14:00:00,6151,77.88,11.34,68.87,106.1,210,16,295.78,27,2,85,3670,26.64
904,4,138,1005,D,Morning,2025-02-07 15:00:00,5690,80.99,12.03,64.31,104.28,136,10,320.68,25,1,72,1166,25.89
905,4,104,1006,A,Night,2025-02-07 16:00:00,6428,77.23,11.1,51.95,124.89,358,4,200.18,3,1,91,2246,30.08
906,2,100,1095,B,Night,2025-02-07 17:00:00,5391,78.33,11.75,54.97,133.67,275,8,246.34,15,6,84,805,25.98
907,5,112,1095,B,Night,2025-02-07 18:00:00,6216,74.14,11.75,46.76,115.34,194,12,269.47,36,5,90,2458,18.7
908,3,120,1024,D,Evening,2025-02-07 19:00:00,5603,79.97,13.21,50.69,131.49,394,19,239.59,21,1,89,3634,20.33
909,1,125,1032,C,Night,2025-02-07 20:00:00,5880,72.1,8.87,51.89,134.29,297,10,179.94,35,3,79,3912,33.14
910,2,149,1054,B,Evening,2025-02-07 21:00:00,6766,76.69,11.16,56.26,118.72,411,3,195.08,37,7,78,2570,20.43
911,4,144,1057,D,Night,2025-02-07 22:00:00,6101,87.85,13.88,43.7,126.12,55,10,199.29,57,9,80,4167,26.85
912,3,120,1006,B,Evening,2025-02-07 23:00:00,5084,77.69,12.84,57.49,116.65,80,8,208.4,54,9,83,3560,19.06
913,3,117,1056,C,Night,2025-02-08 00:00:00,6053,72.9,13.91,53.83,103.16,246,6,253.47,34,6,93,3868,30.42
914,1,136,1011,D,Night,2025-02-08 01:00:00,6748,72.88,13.14,58.18,108.8,281,15,293.91,24,3,81,2034,21.7
915,4,144,1015,C,Morning,2025-02-08 02:00:00,5048,74.64,10.37,59.38,124.89,345,4,195.7,7,1,76,2419,24.41
916,5,131,1079,D,Night,2025-02-08 03:00:00,6800,79.26,12.99,53.19,118.18,463,5,218.56,16,3,80,2972,22.86
917,3,135,1042,C,Night,2025-02-08 04:00:00,6168,75.73,12.15,58.91,131.06,374,18,205.6,17,2,86,309,26.52
918,1,116,1099,B,Morning,2025-02-08 05:00:00,5068,71.76,15.4,54.3,91.7,184,0,261.54,49,5,94,4934,24.86
919,5,134,1076,B,Evening,2025-02-08 06:00:00,6081,71.75,13.2,60.95,95.3,62,15,217.12,57,8,78,2907,28.55
920,4,148,1006,C,Morning,2025-02-08 07:00:00,5696,75.76,12.79,57.53,97.08,53,17,209.57,56,5,91,4354,27.28
921,3,110,1099,C,Morning,2025-02-08 08:00:00,6597,75.21,13.0,56.45,122.5,227,12,186.12,11,1,92,4062,25.41
922,5,120,1050,C,Evening,2025-02-08 09:00:00,5478,77.27,12.7,54.18,99.33,283,0,304.39,56,3,82,4936,27.26
923,5,125,1072,D,Night,2025-02-08 10:00:00,5819,79.59,12.66,65.37,124.8,308,9,337.58,56,5,85,2053,27.5
924,5,103,1031,B,Evening,2025-02-08 11:00:00,6468,88.64,11.6,58.24,131.3,189,6,253.37,32,7,72,2490,22.01
925,3,133,1074,D,Night,2025-02-08 12:00:00,6319,67.69,12.8,44.43,142.74,114,4,309.42,22,5,74,3625,21.63
926,3,147,1007,B,Night,2025-02-08 13:00:00,6701,78.43,13.42,51.22,141.09,332,12,227.32,11,5,92,4894,31.76
927,2,117,1096,A,Evening,2025-02-08 14:00:00,6194,75.49,13.59,53.17,109.57,412,15,249.96,10,7,86,3314,27.53
928,4,139,1086,D,Morning,2025-02-08 15:00:00,6598,65.78,13.41,54.99,94.96,355,19,276.05,12,8,97,2544,26.02
929,1,134,1088,B,Evening,2025-02-08 16:00:00,5146,81.25,14.26,56.41,110.52,254,13,219.93,34,8,70,2683,19.99
930,5,140,1071,B,Night,2025-02-08 17:00:00,6507,77.11,13.68,47.45,134.65,66,10,243.62,26,7,90,240,15.06
931,2,128,1044,D,Evening,2025-02-08 18:00:00,6329,79.0,12.94,54.46,114.15,249,18,238.68,24,3,78,4435,22.54
932,1,128,1085,D,Evening,2025-02-08 19:00:00,6696,66.5,10.28,52.49,119.64,81,1,267.51,39,2,92,391,21.74
933,2,137,1058,B,Night,2025-02-08 20:00:00,6676,73.9,10.29,63.68,111.64,261,7,252.48,2,1,86,2964,22.45
934,3,141,1003,D,Morning,2025-02-08 21:00:00,6869,69.6,11.63,47.04,143.72,484,12,220.9,48,6,98,4277,28.26
935,5,120,1066,C,Evening,2025-02-08 22:00:00,6015,85.82,12.07,54.86,104.78,322,6,237.96,24,9,82,2707,31.64
936,1,141,1028,D,Night,2025-02-08 23:00:00,5608,80.72,14.1,49.52,121.0,339,11,294.59,44,3,84,4036,29.55
937,1,112,1028,D,Night,2025-02-09 00:00:00,5445,71.6,7.83,69.9,136.62,340,7,271.95,9,5,97,3017,20.97
938,1,148,1097,D,Evening,2025-02-09 01:00:00,5220,67.32,10.45,65.05,147.62,283,15,268.47,16,9,90,2318,26.69
939,1,140,1097,B,Morning,2025-02-09 02:00:00,6578,75.97,11.71,41.86,109.58,457,17,340.24,2,9,77,1897,21.56
940,1,116,1027,C,Evening,2025-02-09 03:00:00,6968,80.46,10.5,48.63,134.41,231,18,204.76,44,7,77,1076,14.79
941,2,108,1076,A,Morning,2025-02-09 04:00:00,6827,66.32,10.8,61.97,110.52,195,3,278.39,21,4,97,679,23.62
942,5,140,1078,A,Morning,2025-02-09 05:00:00,6401,70.34,11.25,58.66,140.66,99,11,252.19,37,2,71,2673,30.3
943,3,100,1086,C,Morning,2025-02-09 06:00:00,6643,69.47,10.58,58.41,145.94,479,15,263.75,13,2,92,2689,22.33
944,3,101,1043,C,Morning,2025-02-09 07:00:00,6289,79.33,10.84,56.53,106.66,481,16,257.29,26,4,79,3383,28.17
945,3,147,1089,C,Evening,2025-02-09 08:00:00,5094,73.15,14.04,62.61,129.8,152,3,221.94,41,1,74,1899,20.67
946,3,128,1003,B,Night,2025-02-09 09:00:00,5261,73.36,12.92,61.25,136.7,82,19,208.6,19,4,85,1561,27.44
947,2,132,1089,A,Night,2025-02-09 10:00:00,6848,75.87,13.15,52.68,115.59,138,8,249.99,47,6,94,4517,22.78
948,4,109,1008,C,Night,2025-02-09 11:00:00,5896,70.61,11.95,45.41,128.22,460,4,218.71,17,6,88,4168,31.62
949,5,149,1004,B,Night,2025-02-09 12:00:00,6094,67.78,13.52,41.48,129.0,434,16,235.22,12,7,70,3047,22.43
950,1,139,1055,A,Night,2025-02-09 13:00:00,6977,81.85,13.27,54.17,150.14,390,16,281.93,41,5,82,813,21.29
951,4,120,1095,D,Night,2025-02-09 14:00:00,5218,82.31,12.9,40.28,90.43,364,1,200.92,5,9,73,2523,31.36
952,3,127,1083,B,Evening,2025-02-09 15:00:00,6556,75.9,11.02,57.01,119.16,290,1,242.33,9,2,76,1990,21.12
953,4,110,1049,A,Morning,2025-02-09 16:00:00,5091,76.26,11.34,52.54,101.25,315,6,292.18,36,2,70,3667,25.06
954,5,133,1074,B,Night,2025-02-09 17:00:00,5126,81.31,13.59,70.55,120.21,272,3,229.71,28,4,71,1778,21.15
955,1,107,1014,A,Evening,2025-02-09 18:00:00,5079,75.78,11.22,57.75,108.26,285,12,308.78,5,4,85,2247,28.62
956,1,121,1031,A,Night,2025-02-09 19:00:00,6847,72.9,10.07,54.77,116.18,202,19,187.97,38,4,83,1017,30.48
957,5,107,1027,D,Night,2025-02-09 20:00:00,6261,75.2,11.2,42.07,106.89,106,10,322.78,10,1,74,2366,20.63
958,5,148,1021,B,Morning,2025-02-09 21:00:00,5982,81.97,14.34,44.9,122.33,371,2,250.72,47,4,94,2624,26.73
959,3,114,1016,C,Morning,2025-02-09 22:00:00,6395,75.27,11.2,60.45,136.11,424,1,196.85,24,5,83,1906,27.2
960,1,116,1058,D,Morning,2025-02-09 23:00:00,5915,71.65,12.49,52.5,114.41,161,15,283.33,43,9,86,4151,24.63
961,4,122,1089,D,Night,2025-02-10 00:00:00,5485,75.74,11.08,75.28,141.46,64,2,267.23,43,3,81,659,31.63
962,2,123,1070,A,Night,2025-02-10 01:00:00,5693,78.28,13.15,54.34,135.66,461,14,305.29,29,3,89,728,31.59
963,2,144,1056,C,Night,2025-02-10 02:00:00,5024,77.68,12.81,56.35,150.51,318,16,188.56,54,5,81,3166,19.74
964,5,118,1025,B,Morning,2025-02-10 03:00:00,5155,77.76,9.76,44.46,126.17,163,15,206.16,19,6,99,2011,30.04
965,3,104,1024,C,Evening,2025-02-10 04:00:00,6540,70.87,12.4,62.58,119.08,301,19,280.8,57,3,72,3862,26.53
966,2,131,1009,C,Night,2025-02-10 05:00:00,5631,78.85,9.48,47.59,96.22,423,6,351.98,36,1,99,3651,25.22
967,1,143,1044,C,Night,2025-02-10 06:00:00,6812,75.14,11.17,59.2,108.27,191,15,273.01,15,8,90,1908,22.84
968,5,100,1082,C,Night,2025-02-10 07:00:00,6553,71.44,11.98,61.49,116.88,163,4,279.2,30,1,90,2486,16.59
969,4,122,1010,C,Evening,2025-02-10 08:00:00,6966,78.81,14.77,55.76,118.66,499,1,219.55,28,2,95,1995,25.42
970,5,136,1076,A,Night,2025-02-10 09:00:00,6733,72.73,12.48,69.06,155.23,339,0,242.73,5,3,71,4030,25.54
971,4,107,1052,A,Evening,2025-02-10 10:00:00,6080,67.13,10.85,50.11,116.9,406,12,225.21,28,6,90,1106,33.97
972,5,112,1071,D,Night,2025-02-10 11:00:00,6628,70.0,11.52,68.4,93.47,74,15,270.09,31,4,94,148,20.63
973,5,107,1067,A,Evening,2025-02-10 12:00:00,5018,74.09,13.39,44.83,129.97,417,4,287.18,8,4,90,1950,15.96
974,5,122,1094,D,Night,2025-02-10 13:00:00,6407,77.89,10.87,61.39,129.1,359,2,257.43,36,9,84,2029,18.1
975,4,142,1027,D,Morning,2025-02-10 14:00:00,6888,70.68,13.65,53.86,113.12,304,14,281.82,52,6,80,2232,31.96
976,4,100,1074,B,Morning,2025-02-10 15:00:00,6216,73.8,11.22,49.33,151.92,317,15,248.85,22,2,79,1625,21.76
977,5,144,1064,C,Morning,2025-02-10 16:00:00,5236,68.92,10.63,41.71,91.55,175,10,302.99,15,7,87,428,30.82
978,2,123,1048,A,Morning,2025-02-10 17:00:00,6410,79.91,11.26,52.91,138.74,442,18,215.54,17,3,92,2757,24.03
979,3,134,1046,B,Night,2025-02-10 18:00:00,6449,83.59,9.58,52.41,115.63,299,17,306.64,18,9,91,4629,19.13
980,3,123,1051,A,Morning,2025-02-10 19:00:00,5276,83.05,8.74,56.38,105.74,336,8,221.35,43,6,92,687,34.01
981,3,116,1087,D,Evening,2025-02-10 20:00:00,6250,79.82,11.88,60.8,156.01,383,7,250.66,1,8,93,3305,30.59
982,4,104,1053,A,Morning,2025-02-10 21:00:00,5744,79.31,11.9,48.53,131.05,102,18,202.23,57,1,95,1698,23.1
983,4,119,1059,C,Morning,2025-02-10 22:00:00,5551,64.64,12.38,69.07,115.52,417,4,270.24,9,2,90,3951,28.98
984,2,120,1056,D,Morning,2025-02-10 23:00:00,6346,75.89,11.87,50.69,115.22,92,16,255.26,11,6,71,2572,24.62
985,3,139,1046,D,Night,2025-02-11 00:00:00,6176,72.52,15.49,59.82,124.13,215,4,279.55,45,3,76,2917,26.19
986,3,130,1030,B,Morning,2025-02-11 01:00:00,5638,79.4,12.25,55.72,113.07,91,13,180.65,17,1,76,4707,32.81
987,5,145,1045,C,Evening,2025-02-11 02:00:00,5236,62.31,9.94,53.41,139.49,429,6,255.35,18,6,93,1508,16.4
988,4,135,1025,D,Morning,2025-02-11 03:00:00,5997,75.96,10.32,55.32,121.32,225,8,266.14,37,5,76,1111,22.21
989,3,110,1004,C,Morning,2025-02-11 04:00:00,5054,73.93,12.0,47.48,135.26,116,16,210.46,36,9,95,4759,24.15
990,2,114,1083,A,Morning,2025-02-11 05:00:00,6459,80.59,11.35,51.9,123.12,115,2,271.32,26,6,92,4498,25.67
991,2,118,1051,C,Evening,2025-02-11 06:00:00,5683,82.74,10.16,44.28,133.05,449,7,158.11,47,5,83,4144,17.76
992,3,106,1074,D,Morning,2025-02-11 07:00:00,5108,70.36,11.91,50.61,140.18,132,12,244.89,13,1,98,1429,28.58
993,4,127,1053,B,Evening,2025-02-11 08:00:00,6889,70.58,11.93,51.27,145.21,399,15,306.5,44,1,94,2704,18.23
994,2,142,1032,D,Evening,2025-02-11 09:00:00,6207,76.15,14.39,61.76,127.36,154,9,244.55,52,1,93,2123,17.75
995,5,104,1049,C,Morning,2025-02-11 10:00:00,6974,83.67,10.63,52.34,107.0,449,17,221.24,33,7,71,4607,22.75
996,2,104,1037,C,Evening,2025-02-11 11:00:00,6391,75.3,11.37,51.42,117.41,336,2,247.41,1,6,71,3285,33.48
997,1,129,1026,D,Night,2025-02-11 12:00:00,6221,68.6,14.39,56.76,119.61,423,11,253.96,43,5,92,4703,36.71
998,1,131,1097,C,Morning,2025-02-11 13:00:00,6394,71.97,12.49,56.45,111.4,235,15,285.85,32,4,95,4251,26.44
999,4,107,1014,A,Morning,2025-02-11 14:00:00,5372,76.01,10.62,50.27,108.9,333,17,255.2,18,8,84,2693,22.81
1000,3,109,1095,D,Evening,2025-02-11 15:00:00,5972,76.2,10.93,58.15,122.62,53,16,280.48,59,8,80,3441,24.78
1001,4,137,1060,B,Evening,2025-02-11 16:00:00,6520,71.48,10.18,53.57,105.25,187,6,253.68,59,5,98,295,25.67
1002,4,146,1020,D,Morning,2025-02-11 17:00:00,6622,71.87,12.12,50.26,102.34,228,18,220.03,26,4,79,1890,31.33
1003,4,131,1045,A,Night,2025-02-11 18:00:00,5200,70.09,13.55,51.04,94.58,286,7,193.93,47,2,72,1206,17.91
1004,4,147,1068,A,Evening,2025-02-11 19:00:00,5848,80.71,14.45,62.59,127.21,67,16,264.87,29,7,86,2889,29.97
1005,5,127,1005,A,Evening,2025-02-11 20:00:00,5508,70.83,9.77,51.28,125.12,352,6,151.15,6,5,78,2284,16.87
1006,5,116,1037,A,Night,2025-02-11 21:00:00,6345,72.68,13.3,57.09,115.13,465,0,179.39,26,3,99,638,21.6
1007,2,130,1061,A,Night,2025-02-11 22:00:00,5274,72.53,12.25,44.74,134.91,463,7,194.08,20,9,84,4884,23.99
1008,1,107,1085,B,Morning,2025-02-11 23:00:00,5210,66.97,11.61,63.92,105.02,469,18,278.58,6,9,99,818,26.06
1009,4,139,1061,C,Night,2025-02-12 00:00:00,5503,70.68,11.37,50.34,125.71,58,19,190.41,47,8,83,4095,23.98
1010,2,124,1081,A,Morning,2025-02-12 01:00:00,6926,81.14,9.12,58.2,120.81,469,19,268.81,24,1,88,405,24.88
1011,1,108,1077,A,Night,2025-02-12 02:00:00,6141,68.95,12.96,52.99,108.89,78,9,208.72,37,3,86,487,24.2
1012,3,101,1073,D,Evening,2025-02-12 03:00:00,5702,70.18,10.02,58.11,112.61,193,11,244.14,17,2,91,824,16.4
1013,5,114,1045,B,Morning,2025-02-12 04:00:00,6577,68.34,10.88,58.55,111.46,397,0,247.5,32,4,89,2696,26.88
1014,1,149,1012,B,Morning,2025-02-12 05:00:00,5041,74.55,12.63,53.84,123.79,198,3,243.54,32,2,99,2535,28.06
1015,3,102,1094,C,Morning,2025-02-12 06:00:00,5314,84.43,9.28,40.07,128.9,113,3,224.13,31,8,86,2440,30.71
1016,1,148,1093,B,Night,2025-02-12 07:00:00,5787,74.34,10.02,63.73,113.6,416,8,187.35,57,1,85,278,33.24
1017,5,135,1002,D,Evening,2025-02-12 08:00:00,5328,75.33,13.83,53.88,109.32,499,14,251.07,24,4,89,2003,26.05
1018,5,103,1093,D,Morning,2025-02-12 09:00:00,6040,71.02,12.18,57.94,122.06,429,14,272.31,13,5,77,1804,31.06
1019,2,113,1005,C,Morning,2025-02-12 10:00:00,5282,74.69,11.01,60.53,95.22,236,6,277.17,37,4,96,3483,24.09
1020,4,140,1092,D,Morning,2025-02-12 11:00:00,5942,81.15,12.19,51.34,120.52,415,11,253.27,37,8,76,4275,16.75
1021,1,140,1007,A,Morning,2025-02-12 12:00:00,5257,75.71,13.0,59.14,143.43,276,2,260.3,3,2,81,4642,28.81
1022,1,124,1043,A,Evening,2025-02-12 13:00:00,5574,85.66,13.69,49.02,109.44,167,19,219.16,43,9,70,4961,27.7
1023,3,149,1032,D,Night,2025-02-12 14:00:00,5573,81.3,10.33,58.1,117.35,461,8,267.98,17,2,95,4765,24.0
1024,5,109,1080,C,Evening,2025-02-12 15:00:00,5611,74.57,10.46,55.16,135.37,488,13,266.51,9,2,81,195,23.69
1025,1,120,1074,B,Morning,2025-02-12 16:00:00,6042,74.47,12.91,51.62,131.32,405,12,238.09,34,2,94,1383,26.39
1026,5,135,1076,C,Evening,2025-02-12 17:00:00,6552,83.15,12.96,55.38,120.93,303,11,251.92,34,8,75,347,22.31
1027,1,111,1049,B,Morning,2025-02-12 18:00:00,5836,75.69,9.98,46.56,119.12,80,0,248.93,39,3,85,1081,26.21
1028,2,126,1010,D,Night,2025-02-12 19:00:00,5422,82.04,10.52,57.47,101.47,210,18,268.26,53,8,87,4463,19.39
1029,4,139,1094,D,Night,2025-02-12 20:00:00,6489,85.01,11.71,58.3,127.37,264,15,188.25,22,7,88,1665,19.95
1030,1,101,1027,A,Night,2025-02-12 21:00:00,6396,73.98,12.04,57.77,99.85,493,11,187.45,24,4,92,2241,17.4
1031,5,112,1069,B,Morning,2025-02-12 22:00:00,5757,76.76,12.08,67.02,89.02,218,9,189.53,0,7,72,835,35.22
1032,2,131,1040,C,Evening,2025-02-12 23:00:00,5762,79.9,9.96,54.24,135.12,130,1,232.21,17,8,98,3487,24.37
1033,1,130,1015,D,Night,2025-02-13 00:00:00,6990,78.84,12.06,54.79,125.8,95,17,268.21,14,6,72,2759,30.04
1034,3,115,1067,C,Morning,2025-02-13 01:00:00,6104,78.8,10.92,45.64,133.2,98,12,160.16,24,6,74,548,18.52
1035,4,131,1098,A,Morning,2025-02-13 02:00:00,6574,68.33,10.25,67.58,108.95,498,5,253.76,31,3,72,1935,23.09
1036,1,131,1047,B,Evening,2025-02-13 03:00:00,6571,70.76,11.98,43.01,127.0,347,11,297.75,52,5,88,4815,26.76
1037,2,133,1055,B,Night,2025-02-13 04:00:00,5423,72.52,11.83,56.83,113.41,456,3,260.93,19,2,96,713,31.36
1038,3,110,1063,D,Morning,2025-02-13 05:00:00,5428,81.07,13.2,50.08,115.09,417,0,169.24,16,5,74,1533,20.99
1039,2,109,1058,B,Evening,2025-02-13 06:00:00,6411,68.82,10.71,55.5,134.61,332,10,270.84,56,5,83,976,21.99
1040,2,114,1089,D,Night,2025-02-13 07:00:00,6944,82.62,12.35,44.54,117.75,465,7,259.69,10,7,90,2675,20.04
1041,3,116,1061,A,Evening,2025-02-13 08:00:00,6732,78.9,9.65,62.13,109.55,137,1,236.29,12,4,85,1233,23.4
1042,2,139,1075,B,Evening,2025-02-13 09:00:00,6693,80.77,11.59,47.36,99.52,170,1,257.27,24,6,97,4970,18.9
1043,3,117,1010,D,Morning,2025-02-13 10:00:00,5203,70.35,12.7,64.33,125.41,52,15,194.17,19,9,94,771,16.82
1044,1,108,1088,C,Morning,2025-02-13 11:00:00,5195,75.36,12.82,47.58,135.89,365,0,252.04,24,4,70,1730,25.29
1045,3,124,1017,D,Morning,2025-02-13 12:00:00,5727,76.49,12.83,62.8,108.25,276,3,269.14,41,6,99,3418,27.35
1046,3,139,1018,B,Evening,2025-02-13 13:00:00,5284,76.27,13.21,48.35,130.33,128,5,222.28,44,9,86,460,18.3
1047,4,113,1086,A,Morning,2025-02-13 14:00:00,6992,76.48,11.33,50.08,105.86,194,19,231.17,48,1,80,2492,20.63
1048,3,124,1054,B,Evening,2025-02-13 15:00:00,5195,73.62,12.74,54.99,131.24,291,13,227.3,30,8,99,4001,23.5
1049,3,149,1081,B,Evening,2025-02-13 16:00:00,5306,75.68,14.8,48.22,120.49,81,19,230.99,52,1,78,897,32.53
1050,1,121,1025,D,Morning,2025-02-13 17:00:00,6687,80.17,11.3,47.98,124.02,312,14,216.79,0,4,90,1883,9.84
1051,4,129,1005,C,Night,2025-02-13 18:00:00,5013,69.17,14.07,48.31,109.54,260,6,219.17,51,3,73,166,26.22
1052,5,119,1003,B,Night,2025-02-13 19:00:00,6860,82.74,13.31,57.55,125.36,120,6,270.64,15,4,71,3134,27.4
1053,1,120,1028,C,Night,2025-02-13 20:00:00,6169,79.91,11.6,55.0,111.03,433,17,180.29,47,7,97,2190,20.44
1054,1,143,1058,D,Evening,2025-02-13 21:00:00,6961,70.17,11.73,55.42,113.79,246,1,257.32,27,9,78,2376,22.25
1055,5,131,1097,C,Evening,2025-02-13 22:00:00,6080,76.92,12.18,52.4,97.24,107,19,270.57,20,9,91,3615,25.66
1056,3,145,1016,D,Evening,2025-02-13 23:00:00,5722,79.51,13.23,59.39,108.42,473,14,195.89,29,1,94,333,23.85
1057,2,148,1042,A,Morning,2025-02-14 00:00:00,5779,68.82,12.6,63.4,112.12,161,0,246.94,58,1,74,1322,32.5
1058,4,120,1079,C,Evening,2025-02-14 01:00:00,6233,75.21,11.29,59.6,124.69,97,16,213.34,2,9,73,2644,24.51
1059,2,134,1065,C,Morning,2025-02-14 02:00:00,5528,74.61,8.88,53.33,128.93,484,19,295.45,33,4,92,1155,28.31
1060,5,131,1033,A,Morning,2025-02-14 03:00:00,5797,71.77,13.01,45.23,110.88,234,12,241.77,5,3,74,4654,26.25
1061,1,129,1007,C,Night,2025-02-14 04:00:00,5343,75.46,9.1,39.18,117.53,416,11,308.92,42,9,93,3447,27.47
1062,1,138,1012,A,Night,2025-02-14 05:00:00,6738,72.0,9.95,54.48,145.3,376,14,302.89,28,5,93,1269,20.11
1063,4,148,1007,B,Night,2025-02-14 06:00:00,6634,81.87,11.4,39.05,121.97,214,4,262.29,2,6,98,4201,25.01
1064,1,111,1093,D,Morning,2025-02-14 07:00:00,6302,71.87,10.18,53.41,111.95,264,6,335.71,57,1,87,593,23.67
1065,1,140,1095,A,Morning,2025-02-14 08:00:00,5208,78.96,12.48,66.22,94.81,380,7,187.02,32,1,82,3279,20.42
1066,4,146,1099,C,Morning,2025-02-14 09:00:00,5640,66.72,11.56,45.77,107.19,379,13,307.82,10,7,74,3943,28.63
1067,4,117,1093,A,Evening,2025-02-14 10:00:00,6358,74.19,13.18,44.71,106.61,170,3,239.28,44,8,95,1463,13.92
1068,5,120,1064,C,Morning,2025-02-14 11:00:00,6311,75.06,9.59,60.1,149.67,262,13,244.93,4,8,93,3498,30.73
1069,1,112,1042,B,Night,2025-02-14 12:00:00,5251,74.03,11.01,32.55,107.27,360,9,231.55,49,7,88,1156,12.91
1070,1,120,1038,A,Night,2025-02-14 13:00:00,6288,73.02,12.01,58.05,120.77,90,15,192.0,31,9,92,242,23.23
1071,5,107,1080,B,Morning,2025-02-14 14:00:00,5270,71.66,12.06,66.75,125.56,402,10,272.78,46,1,72,3415,28.71
1072,3,145,1058,D,Morning,2025-02-14 15:00:00,6947,78.77,13.04,48.02,136.6,453,13,200.37,17,2,91,4931,18.06
1073,3,139,1083,C,Night,2025-02-14 16:00:00,5919,80.0,10.63,46.65,120.12,338,13,226.36,46,3,87,2873,26.12
1074,3,145,1087,C,Morning,2025-02-14 17:00:00,6723,74.59,11.3,59.72,112.35,217,1,228.13,19,5,75,1984,25.58
1075,5,106,1085,B,Night,2025-02-14 18:00:00,5418,69.52,12.76,45.63,111.35,83,12,289.82,51,4,75,2364,25.63
1076,1,122,1092,D,Evening,2025-02-14 19:00:00,6749,83.97,8.7,61.49,125.35,367,2,247.05,51,4,93,2024,22.26
1077,5,143,1085,A,Night,2025-02-14 20:00:00,5794,70.6,12.58,46.29,109.73,324,17,152.25,38,8,74,4145,21.67
1078,5,131,1043,A,Evening,2025-02-14 21:00:00,6234,67.7,13.15,69.15,103.44,476,3,214.04,48,8,99,2581,16.15
1079,3,110,1008,C,Morning,2025-02-14 22:00:00,6388,64.94,10.0,60.3,112.34,246,18,187.51,39,7,70,1990,23.48
1080,2,121,1036,B,Morning,2025-02-14 23:00:00,6099,75.5,11.53,55.3,100.13,240,15,270.1,27,1,77,3225,28.59
1081,1,121,1073,B,Evening,2025-02-15 00:00:00,6683,73.91,14.24,68.69,147.76,270,3,202.68,12,4,97,1041,21.72
1082,3,142,1035,A,Morning,2025-02-15 01:00:00,6344,80.15,12.99,63.25,128.95,59,18,225.77,25,1,94,1715,21.97
1083,2,124,1091,D,Evening,2025-02-15 02:00:00,5724,78.06,12.67,57.95,144.31,169,14,320.01,15,5,70,2068,31.95
1084,2,121,1027,D,Morning,2025-02-15 03:00:00,5432,76.45,13.49,40.09,127.28,172,0,275.47,24,3,90,3322,23.18
1085,4,127,1041,A,Night,2025-02-15 04:00:00,5108,73.64,14.71,49.39,142.87,296,15,203.42,9,3,97,4250,25.76
1086,1,128,1042,A,Morning,2025-02-15 05:00:00,5640,80.55,12.03,63.68,125.51,409,14,283.0,28,4,75,1571,26.68
1087,2,112,1084,B,Night,2025-02-15 06:00:00,6545,84.34,11.39,44.6,130.89,446,15,221.29,45,2,89,1158,23.18
1088,3,117,1087,D,Night,2025-02-15 07:00:00,6070,80.04,13.48,48.87,87.99,270,19,282.9,37,7,83,1106,27.41
1089,4,101,1041,A,Evening,2025-02-15 08:00:00,5378,72.68,11.72,46.82,106.29,310,0,233.51,19,4,80,3290,28.95
1090,1,128,1065,A,Morning,2025-02-15 09:00:00,6850,78.91,10.61,58.22,120.55,107,16,211.6,53,5,71,1320,28.52
1091,5,120,1054,C,Evening,2025-02-15 10:00:00,6119,72.99,11.19,62.71,120.92,364,4,207.86,25,2,90,4761,29.08
1092,3,114,1071,A,Morning,2025-02-15 11:00:00,5957,69.47,12.47,62.72,118.85,177,4,261.51,31,6,99,4966,13.59
1093,2,126,1047,A,Night,2025-02-15 12:00:00,5102,70.5,11.33,48.18,126.79,236,6,286.52,38,9,99,1897,18.14
1094,2,149,1090,D,Night,2025-02-15 13:00:00,5891,73.21,11.44,58.11,127.41,254,12,264.9,37,8,73,2971,21.43
1095,3,130,1021,B,Morning,2025-02-15 14:00:00,5853,75.52,10.46,47.8,132.98,135,11,232.69,58,8,82,613,20.02
1096,2,114,1026,D,Morning,2025-02-15 15:00:00,6169,85.3,14.15,53.32,130.03,153,3,178.11,48,2,76,1717,20.4
1097,4,122,1092,B,Evening,2025-02-15 16:00:00,6903,70.59,11.49,59.16,138.06,192,3,224.43,52,4,75,4617,28.45
1098,1,123,1066,C,Morning,2025-02-15 17:00:00,6965,81.62,10.93,63.49,138.18,254,5,199.92,23,8,72,4712,24.53
1099,4,143,1012,A,Morning,2025-02-15 18:00:00,6951,73.41,11.09,37.8,122.62,178,14,304.74,30,1,78,3857,23.32
1100,2,112,1044,C,Morning,2025-02-15 19:00:00,6050,64.92,13.2,55.79,151.22,295,18,234.06,39,8,83,2132,22.87
1101,5,121,1009,B,Evening,2025-02-15 20:00:00,6755,72.47,12.86,66.26,140.39,87,5,262.02,11,3,89,3310,22.0
1102,1,142,1099,D,Morning,2025-02-15 21:00:00,5529,80.88,11.25,56.86,107.9,412,11,236.25,57,8,80,804,22.79
1103,1,136,1008,D,Night,2025-02-15 22:00:00,5678,76.72,12.05,55.66,125.89,158,13,267.19,56,6,74,1773,30.94
1104,3,132,1053,C,Evening,2025-02-15 23:00:00,6968,77.02,12.42,50.5,92.36,358,17,278.73,35,7,83,3799,15.18
1105,3,102,1026,B,Evening,2025-02-16 00:00:00,5988,81.64,10.94,66.05,94.89,101,11,343.14,9,2,88,2191,30.37
1106,5,118,1033,C,Night,2025-02-16 01:00:00,6105,69.82,9.69,50.87,112.51,50,14,231.76,5,1,77,2948,35.47
1107,1,122,1000,C,Night,2025-02-16 02:00:00,5427,69.74,12.77,54.2,106.87,60,18,291.72,6,6,96,4414,30.33
1108,5,128,1031,A,Night,2025-02-16 03:00:00,6607,63.68,11.03,51.24,112.6,363,7,261.12,52,3,76,4763,19.05
1109,3,129,1088,C,Morning,2025-02-16 04:00:00,5821,79.39,12.66,55.87,124.93,284,8,226.88,30,4,96,1877,21.57
1110,3,138,1092,A,Night,2025-02-16 05:00:00,6502,77.81,12.48,66.41,138.38,177,4,229.73,26,9,96,4453,29.17
1111,1,143,1070,A,Morning,2025-02-16 06:00:00,6789,78.62,12.08,47.75,137.58,473,4,268.84,7,3,76,992,22.76
1112,4,146,1066,D,Evening,2025-02-16 07:00:00,6185,69.08,11.36,55.9,126.2,263,5,238.14,2,2,93,1071,21.47
1113,2,124,1083,A,Evening,2025-02-16 08:00:00,6862,66.98,11.05,58.13,103.69,493,2,254.2,39,2,92,202,23.5
1114,3,136,1019,A,Night,2025-02-16 09:00:00,5931,68.4,10.29,48.5,111.64,292,4,276.59,46,2,72,1207,18.39
1115,3,146,1093,D,Morning,2025-02-16 10:00:00,6425,70.39,11.08,54.53,129.56,93,0,349.81,20,6,72,3346,23.35
1116,4,107,1034,C,Night,2025-02-16 11:00:00,6531,82.77,12.85,69.81,107.61,55,10,251.3,0,2,87,3812,17.97
1117,4,141,1098,B,Night,2025-02-16 12:00:00,6061,80.0,14.1,40.85,101.0,205,19,204.87,44,7,82,3517,27.61
1118,5,115,1090,B,Morning,2025-02-16 13:00:00,6978,72.71,13.88,51.63,127.38,464,0,265.92,53,7,70,4251,19.78
1119,5,107,1089,B,Night,2025-02-16 14:00:00,5510,76.5,12.22,57.0,119.27,57,6,230.64,49,7,74,3759,24.26
1120,2,100,1077,C,Evening,2025-02-16 15:00:00,5392,71.61,14.1,51.99,116.84,54,14,325.74,14,2,97,1019,21.78
1121,2,143,1016,A,Night,2025-02-16 16:00:00,5712,76.82,11.54,78.09,136.65,411,16,230.12,6,7,73,4652,25.91
1122,1,104,1017,B,Morning,2025-02-16 17:00:00,5493,69.31,10.06,59.39,136.33,231,7,250.74,14,8,85,4327,28.11
1123,5,102,1044,C,Morning,2025-02-16 18:00:00,6223,78.75,14.88,46.65,146.72,161,1,274.92,24,8,84,4688,25.43
1124,3,100,1092,A,Evening,2025-02-16 19:00:00,6278,70.75,12.8,36.31,110.23,322,12,269.65,2,2,98,2257,20.5
1125,5,103,1083,D,Morning,2025-02-16 20:00:00,6202,79.03,9.7,57.72,126.45,471,11,305.61,29,5,96,681,21.18
1126,3,139,1052,B,Morning,2025-02-16 21:00:00,5546,72.86,14.34,48.96,120.29,314,4,276.7,57,6,87,895,35.8
1127,4,134,1090,A,Evening,2025-02-16 22:00:00,5593,71.05,10.88,65.31,125.07,261,12,343.72,13,9,86,3297,28.74
1128,5,131,1081,B,Night,2025-02-16 23:00:00,5388,83.06,11.21,52.8,102.98,127,5,267.98,51,6,83,1983,23.01
1129,4,141,1067,B,Evening,2025-02-17 00:00:00,6421,75.88,13.53,50.45,98.96,319,14,301.96,3,6,83,3467,21.13
1130,2,133,1064,B,Night,2025-02-17 01:00:00,6755,73.39,14.04,50.32,119.4,203,10,231.23,35,6,88,909,16.81
1131,2,142,1000,A,Evening,2025-02-17 02:00:00,5157,78.79,10.5,62.89,107.36,270,3,328.99,2,9,98,3033,29.64
1132,1,124,1057,C,Night,2025-02-17 03:00:00,6027,68.3,14.21,58.32,134.07,418,0,236.09,4,7,75,3368,20.45
1133,5,109,1025,A,Evening,2025-02-17 04:00:00,5166,80.53,13.31,69.05,97.49,495,14,309.44,24,1,82,4968,29.27
1134,4,120,1019,B,Night,2025-02-17 05:00:00,6491,74.3,10.8,53.28,98.73,396,11,285.68,30,1,87,3084,28.14
1135,3,145,1086,A,Evening,2025-02-17 06:00:00,5959,78.0,11.63,61.9,113.75,74,8,252.67,10,4,95,672,30.76
1136,2,138,1009,D,Night,2025-02-17 07:00:00,5408,67.26,14.27,62.04,96.93,469,10,309.83,7,2,84,1306,27.79
1137,2,126,1058,C,Evening,2025-02-17 08:00:00,6435,73.09,9.66,60.39,145.14,403,4,249.52,25,3,98,3180,22.95
1138,3,126,1074,A,Morning,2025-02-17 09:00:00,6227,75.02,14.07,50.92,117.26,257,6,304.74,1,7,92,2560,24.08
1139,4,101,1040,D,Night,2025-02-17 10:00:00,5193,80.15,13.27,58.79,110.96,466,7,265.12,27,7,96,1841,24.12
1140,4,140,1004,C,Evening,2025-02-17 11:00:00,5234,78.4,12.76,54.22,127.02,52,0,234.91,47,3,76,4105,22.66
1141,5,147,1064,D,Night,2025-02-17 12:00:00,5717,73.04,12.2,54.01,133.26,264,0,262.81,56,2,96,2713,15.88
1142,5,112,1016,C,Night,2025-02-17 13:00:00,6173,76.59,14.96,48.55,123.1,444,2,251.36,59,1,88,1815,13.22
1143,1,108,1021,A,Evening,2025-02-17 14:00:00,6182,81.28,15.18,38.04,118.98,161,7,232.3,9,9,99,1669,27.79
1144,2,135,1097,D,Night,2025-02-17 15:00:00,6302,74.0,11.08,64.99,105.25,491,10,259.32,49,3,86,776,23.1
1145,5,121,1040,B,Evening,2025-02-17 16:00:00,5815,73.46,12.92,58.45,129.46,241,0,266.15,38,9,78,1933,28.8
1146,4,141,1092,D,Morning,2025-02-17 17:00:00,5403,65.55,14.81,44.25,141.25,451,13,151.82,36,4,80,2613,22.1
1147,3,125,1067,C,Night,2025-02-17 18:00:00,5892,73.6,10.82,60.74,116.7,96,0,270.05,38,6,74,900,23.99
1148,4,111,1068,A,Morning,2025-02-17 19:00:00,5677,66.3,12.36,65.15,107.27,477,5,279.64,20,7,71,1241,28.65
1149,2,116,1010,C,Night,2025-02-17 20:00:00,6334,74.43,13.51,61.22,122.72,270,5,308.07,27,6,84,3152,31.78
1150,4,113,1055,D,Night,2025-02-17 21:00:00,5067,79.94,8.98,47.87,120.04,236,2,200.56,37,1,93,2131,22.42
1151,1,113,1050,D,Night,2025-02-17 22:00:00,6486,64.4,13.24,49.14,101.75,99,9,209.3,55,6,81,1608,19.0
1152,2,133,1020,B,Evening,2025-02-17 23:00:00,5087,81.17,10.37,50.62,112.46,246,11,258.37,32,6,79,1210,30.07
1153,3,119,1098,A,Morning,2025-02-18 00:00:00,5216,73.35,12.29,61.89,146.83,265,9,221.48,10,5,79,4429,22.56
1154,1,110,1075,A,Night,2025-02-18 01:00:00,5000,74.86,13.72,58.83,99.79,462,1,202.41,44,3,89,1012,21.57
1155,2,115,1025,D,Evening,2025-02-18 02:00:00,6158,72.49,8.42,77.32,109.64,270,12,233.46,43,3,80,1155,22.0
1156,3,130,1018,A,Night,2025-02-18 03:00:00,6720,66.43,13.18,41.87,105.77,429,15,235.61,0,7,79,4289,20.41
1157,1,105,1059,B,Evening,2025-02-18 04:00:00,6374,71.09,15.06,54.58,107.1,139,12,209.37,52,8,97,1850,27.87
1158,1,118,1070,C,Night,2025-02-18 05:00:00,5139,85.49,11.2,39.58,113.32,281,3,209.11,46,3,76,3271,17.31
1159,2,136,1046,A,Morning,2025-02-18 06:00:00,5617,69.52,12.87,59.77,126.73,372,3,245.15,32,3,83,4253,24.51
1160,5,103,1070,D,Morning,2025-02-18 07:00:00,5132,67.06,14.0,63.54,139.63,307,10,192.05,2,7,82,3112,25.25
1161,1,146,1025,C,Night,2025-02-18 08:00:00,6643,75.71,9.61,66.54,123.05,202,13,191.41,25,7,74,3528,21.01
1162,1,103,1039,C,Evening,2025-02-18 09:00:00,5177,74.57,13.14,56.51,109.73,305,2,252.86,14,9,98,3662,31.94
1163,3,119,1004,B,Night,2025-02-18 10:00:00,5809,73.38,13.54,39.69,143.1,452,18,310.23,40,6,88,456,28.49
1164,4,109,1020,D,Evening,2025-02-18 11:00:00,6381,75.07,12.96,54.6,88.97,473,0,279.32,13,7,79,4491,21.73
1165,2,123,1077,A,Night,2025-02-18 12:00:00,5379,78.22,12.13,58.49,130.1,307,4,298.9,22,1,77,4720,23.47
1166,2,134,1003,D,Evening,2025-02-18 13:00:00,5907,72.06,10.5,46.96,104.6,114,16,177.8,59,7,87,1717,28.47
1167,5,125,1022,C,Morning,2025-02-18 14:00:00,6894,75.97,14.09,52.88,119.24,239,0,193.66,53,2,70,1723,24.4
1168,5,136,1083,D,Night,2025-02-18 15:00:00,5657,80.12,12.05,44.78,128.45,140,18,250.43,55,7,74,1765,31.01
1169,2,137,1014,A,Morning,2025-02-18 16:00:00,5449,70.02,10.64,50.1,95.92,487,18,283.45,7,3,80,3299,26.83
1170,5,120,1092,A,Morning,2025-02-18 17:00:00,5585,63.39,11.52,62.3,122.12,222,3,275.52,53,9,89,4596,25.26
1171,3,139,1007,B,Night,2025-02-18 18:00:00,5462,78.35,12.55,60.44,123.28,296,18,196.23,35,5,80,1695,25.22
1172,2,138,1040,A,Night,2025-02-18 19:00:00,5989,87.51,9.66,43.84,141.94,305,5,295.43,19,7,85,2089,39.74
1173,5,120,1018,A,Evening,2025-02-18 20:00:00,6131,74.96,12.03,49.36,160.73,165,14,246.75,51,8,79,2886,18.91
1174,2,109,1045,D,Evening,2025-02-18 21:00:00,5121,76.01,11.37,55.46,96.71,98,3,281.11,5,2,84,628,18.53
1175,4,137,1027,D,Morning,2025-02-18 22:00:00,5016,73.52,14.0,56.81,141.26,276,0,225.8,32,1,76,2704,22.79
1176,1,145,1090,C,Evening,2025-02-18 23:00:00,6219,82.94,9.19,49.7,119.43,118,16,188.25,27,7,84,3295,31.02
1177,2,103,1067,B,Evening,2025-02-19 00:00:00,5326,74.61,13.41,58.81,107.87,471,10,283.83,49,6,98,2507,11.68
1178,1,144,1014,D,Night,2025-02-19 01:00:00,5317,74.07,14.13,54.72,125.54,437,16,268.79,37,6,94,163,14.48
1179,5,119,1098,A,Evening,2025-02-19 02:00:00,5808,79.55,9.24,34.39,100.47,450,0,200.18,29,2,85,4060,22.0
1180,1,116,1036,C,Morning,2025-02-19 03:00:00,6502,72.58,9.42,50.43,101.36,175,8,223.27,45,3,75,2912,34.6
1181,2,106,1000,D,Evening,2025-02-19 04:00:00,6275,68.58,14.68,50.2,93.97,486,13,277.44,42,4,80,2921,24.13
1182,4,103,1066,B,Morning,2025-02-19 05:00:00,5502,79.41,10.64,60.43,128.19,262,14,258.24,16,3,86,4127,18.19
1183,5,128,1023,B,Night,2025-02-19 06:00:00,5118,72.04,16.64,60.57,124.91,102,0,270.07,8,2,84,201,28.11
1184,2,113,1026,C,Morning,2025-02-19 07:00:00,6697,70.12,9.29,41.62,107.78,161,1,229.03,27,3,85,3448,32.31
1185,5,102,1039,C,Evening,2025-02-19 08:00:00,5709,85.5,12.26,58.51,142.85,208,17,306.93,53,6,93,3398,20.81
1186,3,123,1062,C,Night,2025-02-19 09:00:00,6521,74.11,11.96,54.41,110.06,289,17,245.55,6,9,71,3194,26.27
1187,1,136,1060,C,Evening,2025-02-19 10:00:00,6509,77.47,11.69,56.01,139.24,199,5,155.3,45,4,73,2991,24.78
1188,3,115,1035,C,Night,2025-02-19 11:00:00,5044,75.15,12.69,50.09,121.83,188,19,254.28,27,6,88,3235,26.86
1189,2,103,1097,A,Night,2025-02-19 12:00:00,5313,70.57,12.78,54.51,109.85,467,7,274.2,16,1,75,1280,21.71
1190,4,123,1092,A,Evening,2025-02-19 13:00:00,6202,78.45,11.75,64.2,118.28,162,0,261.88,39,6,87,2986,27.14
1191,5,133,1023,D,Evening,2025-02-19 14:00:00,6917,76.57,10.48,55.9,101.19,192,14,232.93,59,3,90,2828,28.19
1192,1,129,1023,B,Night,2025-02-19 15:00:00,5417,71.7,13.57,54.66,123.25,419,9,171.85,47,9,80,2792,27.57
1193,5,117,1003,A,Night,2025-02-19 16:00:00,5555,77.17,12.94,51.17,120.46,187,3,224.0,43,4,78,498,15.89
1194,2,118,1066,A,Evening,2025-02-19 17:00:00,6806,72.43,12.17,63.42,127.91,486,9,227.78,43,7,72,504,16.83
1195,5,130,1033,A,Morning,2025-02-19 18:00:00,6101,69.48,12.89,44.75,133.19,353,10,223.63,59,4,71,2973,20.55
1196,1,118,1056,D,Evening,2025-02-19 19:00:00,5325,68.97,13.15,48.58,121.73,80,4,274.48,59,6,87,3368,25.34
1197,2,148,1048,C,Night,2025-02-19 20:00:00,6713,76.35,10.86,44.29,97.86,342,8,236.66,4,7,84,2794,26.8
1198,5,145,1086,D,Evening,2025-02-19 21:00:00,6380,73.09,12.84,56.61,133.99,157,4,305.27,4,2,94,2182,18.73
1199,4,118,1052,B,Morning,2025-02-19 22:00:00,6439,82.51,11.17,64.44,120.22,333,10,240.98,13,6,91,2567,25.62
1200,2,121,1022,B,Evening,2025-02-19 23:00:00,6986,74.79,13.2,52.37,91.59,208,2,298.64,5,8,87,4572,28.73
1201,2,123,1068,B,Night,2025-02-20 00:00:00,5514,71.07,11.71,46.44,124.64,375,3,258.58,6,6,88,4415,27.34
1202,4,144,1094,B,Evening,2025-02-20 01:00:00,5213,75.79,12.92,68.09,125.78,63,9,260.55,54,2,84,2021,21.7
1203,3,111,1052,A,Night,2025-02-20 02:00:00,6877,68.53,11.35,58.61,114.62,171,6,222.69,52,4,99,4059,22.16
1204,1,129,1061,A,Night,2025-02-20 03:00:00,5073,74.58,13.0,57.22,117.03,264,0,195.97,16,1,86,1640,17.51
1205,3,137,1040,D,Evening,2025-02-20 04:00:00,6586,76.6,10.53,53.48,111.07,321,5,247.07,58,7,87,2489,32.7
1206,5,130,1056,C,Night,2025-02-20 05:00:00,6602,75.98,12.05,60.35,126.24,74,7,317.47,8,8,87,4948,26.37
1207,4,135,1059,B,Night,2025-02-20 06:00:00,5508,81.51,13.47,57.09,122.1,472,16,231.65,30,2,80,2563,15.94
1208,3,118,1053,D,Morning,2025-02-20 07:00:00,5331,87.99,12.7,51.15,106.38,371,6,225.31,21,5,87,3468,30.13
1209,2,147,1069,A,Morning,2025-02-20 08:00:00,6116,78.36,12.29,52.49,144.27,343,0,243.12,44,8,92,3085,27.29
1210,5,144,1056,A,Morning,2025-02-20 09:00:00,5687,80.89,14.71,46.84,110.01,218,8,320.73,8,8,72,779,29.97
1211,5,135,1009,C,Morning,2025-02-20 10:00:00,5656,87.72,13.54,45.84,79.4,152,10,281.48,58,5,82,847,21.21
1212,3,129,1039,C,Night,2025-02-20 11:00:00,6542,69.97,13.28,52.63,112.94,403,18,298.57,15,8,83,2953,21.9
1213,3,148,1006,C,Evening,2025-02-20 12:00:00,6292,75.65,12.99,64.23,135.46,420,1,170.79,35,6,96,1421,19.94
1214,4,132,1037,D,Night,2025-02-20 13:00:00,6399,72.61,13.17,46.73,116.9,89,10,217.01,33,5,73,3848,34.59
1215,1,117,1084,A,Night,2025-02-20 14:00:00,6857,79.21,14.49,61.69,95.48,284,2,218.4,44,4,87,4250,21.5
1216,3,148,1060,A,Night,2025-02-20 15:00:00,6027,76.36,11.37,48.61,104.58,369,16,295.44,12,5,74,4889,19.22
1217,3,127,1083,C,Evening,2025-02-20 16:00:00,6161,70.91,13.51,40.71,103.79,138,9,276.4,18,4,83,633,20.77
1218,2,146,1002,B,Morning,2025-02-20 17:00:00,6254,75.05,12.53,59.37,111.37,149,2,292.24,11,1,94,1918,22.37
1219,5,110,1050,C,Night,2025-02-20 18:00:00,5599,80.23,11.43,68.03,116.07,193,2,174.98,35,3,81,4300,31.78
1220,1,144,1085,D,Night,2025-02-20 19:00:00,6552,68.48,11.85,48.15,127.41,131,6,294.41,9,8,94,2441,25.38
1221,2,132,1046,C,Morning,2025-02-20 20:00:00,6075,71.01,12.33,42.44,121.93,126,1,276.37,15,7,76,2522,30.17
1222,4,116,1067,C,Night,2025-02-20 21:00:00,6669,70.26,10.71,58.64,122.65,108,0,213.04,27,7,81,4645,25.43
1223,4,105,1091,D,Evening,2025-02-20 22:00:00,6746,76.63,13.3,47.61,146.69,278,6,242.12,55,3,77,1568,23.1
1224,3,103,1075,C,Night,2025-02-20 23:00:00,5324,81.2,11.85,59.29,132.91,140,19,214.26,18,9,98,4585,18.79
1225,3,119,1037,A,Night,2025-02-21 00:00:00,5991,64.95,12.13,64.21,131.59,403,10,246.14,39,6,99,1335,31.97
1226,4,147,1035,B,Morning,2025-02-21 01:00:00,6993,75.47,14.04,57.64,92.8,444,5,267.97,5,8,90,2814,28.95
1227,3,146,1040,C,Night,2025-02-21 02:00:00,6928,70.38,12.19,61.48,108.72,50,3,306.17,3,8,90,1808,29.41
1228,1,126,1068,D,Night,2025-02-21 03:00:00,6754,80.03,14.33,61.53,96.04,318,18,212.42,29,3,97,1245,28.63
1229,3,114,1012,B,Evening,2025-02-21 04:00:00,5716,73.82,11.21,62.92,108.46,335,18,231.23,38,4,72,1575,20.45
1230,5,105,1086,D,Morning,2025-02-21 05:00:00,5722,75.65,10.35,55.36,131.92,246,13,205.88,30,6,91,4023,25.33
1231,3,146,1057,B,Morning,2025-02-21 06:00:00,5276,74.99,11.57,61.23,114.11,323,2,280.66,45,2,70,3021,29.43
1232,2,113,1049,B,Evening,2025-02-21 07:00:00,5535,80.62,7.78,56.32,136.09,127,3,186.98,26,7,72,1955,28.72
1233,1,110,1029,C,Night,2025-02-21 08:00:00,6509,85.24,13.36,58.13,130.4,190,7,257.08,44,2,80,3324,24.78
1234,2,138,1061,A,Morning,2025-02-21 09:00:00,6539,69.33,10.44,79.41,120.76,337,17,200.97,20,5,87,4064,33.87
1235,2,108,1024,C,Morning,2025-02-21 10:00:00,5151,70.24,11.07,56.93,136.44,120,3,251.83,36,4,76,3479,26.66
1236,5,125,1026,D,Night,2025-02-21 11:00:00,5954,76.61,13.07,43.02,140.47,99,10,296.24,8,9,78,1704,30.61
1237,1,115,1050,D,Night,2025-02-21 12:00:00,6506,70.92,12.18,53.42,126.82,421,15,229.55,34,2,73,3379,25.0
1238,1,104,1077,B,Morning,2025-02-21 13:00:00,5258,79.67,11.34,52.52,123.45,418,2,258.83,41,7,92,651,22.14
1239,1,109,1056,B,Night,2025-02-21 14:00:00,5323,80.47,8.95,52.88,129.5,129,6,214.27,46,7,93,2104,28.85
1240,1,149,1046,A,Morning,2025-02-21 15:00:00,6016,72.27,13.95,62.63,98.9,284,1,245.5,51,7,79,1936,27.67
1241,1,102,1099,C,Night,2025-02-21 16:00:00,5868,71.18,13.08,64.04,118.24,336,0,187.68,20,1,87,1224,25.73
1242,5,112,1038,D,Night,2025-02-21 17:00:00,6191,73.63,15.08,54.15,119.64,356,0,278.31,16,8,92,1482,19.77
1243,3,142,1015,B,Evening,2025-02-21 18:00:00,5687,75.52,11.11,43.87,114.47,204,5,233.38,54,2,85,1870,29.05
1244,2,148,1021,A,Night,2025-02-21 19:00:00,5309,76.57,9.82,55.79,108.16,109,18,241.65,23,5,98,3963,20.03
1245,1,129,1084,D,Evening,2025-02-21 20:00:00,5802,63.74,13.49,50.65,134.97,82,6,252.77,30,2,81,3500,27.89
1246,3,144,1053,B,Night,2025-02-21 21:00:00,6502,70.16,11.72,56.68,122.55,486,4,171.33,5,5,88,134,18.52
1247,3,105,1020,D,Morning,2025-02-21 22:00:00,6079,72.98,12.94,54.03,123.91,176,17,222.31,56,7,93,2304,19.76
1248,2,116,1071,A,Morning,2025-02-21 23:00:00,5619,71.02,14.43,64.73,141.37,270,12,255.41,34,6,91,3444,25.46
1249,5,144,1015,A,Night,2025-02-22 00:00:00,5472,60.68,12.58,57.2,117.07,249,0,243.6,49,5,72,3114,26.89
1250,4,118,1058,D,Night,2025-02-22 01:00:00,6319,65.56,12.25,50.68,114.17,466,9,337.09,36,4,77,4591,25.08
1251,4,141,1030,C,Morning,2025-02-22 02:00:00,5460,68.47,12.35,43.92,140.42,175,8,300.35,12,8,96,4402,21.36
1252,3,134,1041,D,Night,2025-02-22 03:00:00,6347,74.42,9.54,54.62,97.64,90,16,255.58,24,8,98,1880,29.57
1253,2,145,1073,B,Evening,2025-02-22 04:00:00,5813,72.82,13.66,54.64,120.77,324,0,209.1,31,1,88,1728,24.69
1254,4,125,1031,C,Evening,2025-02-22 05:00:00,5845,71.84,13.76,52.9,108.94,346,0,230.2,58,2,78,1429,24.97
1255,3,104,1058,B,Evening,2025-02-22 06:00:00,6164,78.98,12.8,61.2,124.39,134,6,276.33,0,3,96,1659,23.21
1256,5,128,1033,D,Evening,2025-02-22 07:00:00,5666,78.98,9.73,43.94,128.58,138,3,253.06,48,1,88,904,20.39
1257,4,136,1008,C,Evening,2025-02-22 08:00:00,5261,75.75,11.82,48.9,129.41,91,11,301.04,57,3,86,2609,29.63
1258,3,119,1080,B,Night,2025-02-22 09:00:00,6808,75.6,14.16,55.42,135.39,169,15,252.75,34,8,82,4447,20.79
1259,3,148,1010,D,Night,2025-02-22 10:00:00,6443,70.72,11.15,50.52,116.21,328,13,254.63,57,4,71,1390,32.49
1260,1,120,1095,D,Evening,2025-02-22 11:00:00,6767,71.32,13.78,52.15,117.15,82,9,314.97,18,7,73,4404,19.88
1261,5,109,1009,C,Night,2025-02-22 12:00:00,6264,66.46,12.08,54.52,127.9,325,13,206.14,52,7,98,2686,25.61
1262,1,104,1085,D,Night,2025-02-22 13:00:00,5354,73.75,13.07,60.49,133.31,202,6,319.35,51,5,80,2650,24.35
1263,2,135,1016,A,Evening,2025-02-22 14:00:00,6872,78.93,11.38,54.2,100.5,139,3,280.79,53,1,71,1055,23.44
1264,1,105,1067,B,Night,2025-02-22 15:00:00,5769,81.77,12.13,39.24,124.71,153,1,379.42,11,4,73,4709,27.41
1265,1,125,1047,B,Night,2025-02-22 16:00:00,6784,73.78,12.66,50.18,114.07,485,17,221.94,39,7,73,679,27.95
1266,4,103,1051,D,Night,2025-02-22 17:00:00,6612,77.46,10.38,58.97,121.31,61,15,315.18,39,5,89,2037,26.68
1267,3,138,1024,D,Evening,2025-02-22 18:00:00,5179,60.72,12.41,61.1,114.65,209,8,255.35,46,2,70,2097,18.68
1268,5,138,1020,A,Night,2025-02-22 19:00:00,5065,72.84,7.97,61.54,109.16,466,4,242.58,42,8,94,1765,18.14
1269,1,149,1064,C,Morning,2025-02-22 20:00:00,5819,72.72,11.1,63.81,104.72,245,8,262.2,19,2,95,2230,17.84
1270,5,134,1062,D,Morning,2025-02-22 21:00:00,6371,82.46,12.82,55.95,117.73,448,7,255.01,32,8,80,3840,22.78
1271,1,100,1088,D,Evening,2025-02-22 22:00:00,5170,76.96,13.68,57.11,125.38,356,19,218.84,28,2,92,2600,34.58
1272,2,123,1050,D,Morning,2025-02-22 23:00:00,5473,77.47,12.71,46.89,110.95,311,15,244.73,15,5,71,1742,23.75
1273,1,135,1035,D,Evening,2025-02-23 00:00:00,5533,77.21,9.91,37.6,137.85,140,19,262.28,13,4,88,4812,34.5
1274,4,105,1080,B,Morning,2025-02-23 01:00:00,6390,75.23,13.55,43.66,156.88,246,17,232.99,6,1,98,1597,23.83
1275,3,140,1087,D,Morning,2025-02-23 02:00:00,6130,82.66,10.29,49.39,126.2,118,3,271.62,5,8,77,4702,24.8
1276,2,145,1065,B,Morning,2025-02-23 03:00:00,5438,63.47,12.92,44.12,119.38,269,15,238.17,20,3,92,3304,26.98
1277,1,143,1014,D,Evening,2025-02-23 04:00:00,5834,75.73,10.34,52.66,106.32,468,3,268.33,35,4,89,721,22.54
1278,5,130,1095,C,Evening,2025-02-23 05:00:00,5226,80.65,10.84,51.3,125.55,428,5,263.51,21,4,73,3244,25.14
1279,2,119,1038,A,Night,2025-02-23 06:00:00,6467,65.54,10.57,62.5,142.16,263,2,268.05,39,5,94,2051,15.49
1280,2,123,1069,C,Evening,2025-02-23 07:00:00,5441,79.19,12.21,47.25,149.23,467,17,196.05,53,3,85,1559,19.55
1281,1,124,1000,D,Morning,2025-02-23 08:00:00,5395,71.19,11.71,56.12,140.94,496,14,293.88,18,9,84,392,15.59
1282,2,135,1022,D,Morning,2025-02-23 09:00:00,5727,75.55,12.76,51.64,132.65,195,7,215.36,24,4,74,754,27.63
1283,5,120,1038,D,Evening,2025-02-23 10:00:00,6604,71.1,11.97,46.95,126.15,282,17,242.57,2,4,99,3084,17.18
1284,2,129,1056,C,Evening,2025-02-23 11:00:00,5083,79.8,9.72,49.18,104.27,420,2,224.17,35,6,98,3943,31.06
1285,5,123,1080,D,Evening,2025-02-23 12:00:00,6638,73.56,12.41,38.59,118.5,459,5,252.85,44,8,96,2904,25.78
1286,1,143,1033,C,Night,2025-02-23 13:00:00,6574,79.23,9.36,60.99,116.76,283,14,245.56,52,7,74,2814,28.8
1287,3,141,1040,B,Morning,2025-02-23 14:00:00,6036,77.18,10.67,66.22,118.6,263,11,276.05,58,4,84,1721,20.77
1288,2,129,1092,A,Night,2025-02-23 15:00:00,6832,71.03,11.45,52.86,109.21,416,4,251.76,33,4,92,4114,18.38
1289,3,121,1072,A,Night,2025-02-23 16:00:00,6848,77.51,11.35,55.23,131.37,110,6,234.33,10,5,86,3353,22.26
1290,5,127,1012,C,Morning,2025-02-23 17:00:00,5692,71.68,9.53,52.63,115.89,412,14,178.1,47,5,72,2946,29.32
1291,2,106,1069,B,Morning,2025-02-23 18:00:00,5492,75.32,14.06,48.44,114.67,127,6,285.37,41,1,87,4980,34.58
1292,4,134,1005,C,Evening,2025-02-23 19:00:00,6291,73.47,14.47,60.64,109.26,144,12,270.7,46,8,80,4962,26.54
1293,3,127,1083,B,Evening,2025-02-23 20:00:00,6548,79.5,15.38,57.55,123.48,379,2,287.0,26,5,95,3605,17.42
1294,2,113,1051,D,Night,2025-02-23 21:00:00,6143,77.7,13.72,31.7,142.45,265,12,242.58,41,3,75,618,19.14
1295,3,109,1002,B,Evening,2025-02-23 22:00:00,5969,74.85,11.41,46.72,119.85,262,2,264.28,1,3,96,2785,16.56
1296,2,115,1080,B,Evening,2025-02-23 23:00:00,5352,71.57,11.38,38.58,124.23,353,1,223.86,5,4,81,127,23.35
1297,1,115,1062,B,Morning,2025-02-24 00:00:00,6080,68.66,11.3,67.44,149.03,249,3,220.21,45,7,91,365,22.61
1298,3,130,1048,A,Morning,2025-02-24 01:00:00,5039,75.68,14.98,53.63,138.05,401,16,238.66,1,5,95,1406,23.32
1299,4,141,1075,B,Evening,2025-02-24 02:00:00,6909,71.84,11.83,56.93,128.82,80,5,286.87,41,1,86,4153,18.63
1300,4,124,1046,D,Morning,2025-02-24 03:00:00,6359,65.61,13.9,52.17,128.19,339,10,239.01,16,5,99,3554,18.13
1301,5,112,1054,D,Evening,2025-02-24 04:00:00,5639,68.35,13.79,63.82,110.95,392,5,247.84,39,5,83,910,24.47
1302,2,105,1063,D,Morning,2025-02-24 05:00:00,5172,83.13,12.28,61.89,109.49,184,1,259.7,57,6,75,4776,26.42
1303,3,143,1064,B,Morning,2025-02-24 06:00:00,6570,71.7,9.82,53.28,122.12,132,16,251.01,47,7,79,3490,18.08
1304,5,108,1080,C,Morning,2025-02-24 07:00:00,5258,80.41,11.86,68.74,122.5,440,2,290.57,13,5,85,710,26.37
1305,3,144,1066,C,Morning,2025-02-24 08:00:00,6911,73.22,12.22,56.48,107.25,96,11,220.08,9,2,87,4388,28.73
1306,2,135,1089,D,Evening,2025-02-24 09:00:00,5516,81.2,13.92,43.32,130.55,441,13,253.99,44,2,96,2374,12.35
1307,4,142,1014,A,Night,2025-02-24 10:00:00,5729,80.84,12.03,55.8,115.84,255,1,268.97,32,4,89,4646,31.88
1308,1,119,1099,C,Morning,2025-02-24 11:00:00,5522,70.87,10.19,59.14,136.91,434,4,184.31,41,1,75,302,27.51
1309,4,117,1031,B,Evening,2025-02-24 12:00:00,6917,65.06,13.48,53.93,119.17,430,9,260.64,53,7,88,501,28.78
1310,5,142,1095,C,Evening,2025-02-24 13:00:00,5838,65.48,11.66,51.71,117.84,126,9,303.68,11,1,72,2127,18.9
1311,1,120,1067,D,Morning,2025-02-24 14:00:00,5116,70.96,8.18,69.11,105.94,308,8,235.98,31,3,81,3950,27.94
1312,5,103,1017,A,Night,2025-02-24 15:00:00,5183,84.45,12.49,45.51,107.58,486,12,206.6,48,7,85,989,28.51
1313,2,149,1082,C,Morning,2025-02-24 16:00:00,6929,72.95,12.75,32.89,139.77,141,9,268.68,23,6,72,278,20.74
1314,1,132,1042,C,Evening,2025-02-24 17:00:00,6897,75.73,10.74,67.95,124.03,471,5,257.18,13,7,85,2079,27.9
1315,5,126,1034,D,Night,2025-02-24 18:00:00,6139,81.52,11.71,45.19,125.84,484,10,310.9,4,5,73,2610,23.31
1316,2,106,1077,A,Evening,2025-02-24 19:00:00,5161,75.55,12.99,52.71,144.01,448,3,267.51,50,8,94,2982,20.91
1317,4,105,1057,A,Morning,2025-02-24 20:00:00,6602,75.38,12.5,51.98,100.24,149,13,212.26,4,6,89,4084,23.02
1318,2,114,1032,D,Night,2025-02-24 21:00:00,6735,78.11,9.66,64.85,130.07,432,16,210.45,46,4,82,2144,24.84
1319,3,117,1013,B,Evening,2025-02-24 22:00:00,5542,76.44,13.88,66.48,96.18,244,19,284.39,31,1,73,3083,22.49
1320,2,131,1033,C,Evening,2025-02-24 23:00:00,6610,74.5,14.56,44.66,113.44,241,1,264.28,44,2,73,450,20.04
1321,2,110,1060,B,Evening,2025-02-25 00:00:00,6260,71.39,11.23,65.86,102.82,117,9,247.67,48,6,76,4382,25.96
1322,3,119,1003,C,Morning,2025-02-25 01:00:00,5838,75.39,9.14,65.71,132.88,438,2,256.9,32,4,90,3518,26.8
1323,5,123,1087,C,Night,2025-02-25 02:00:00,6089,80.47,13.16,55.15,91.65,291,6,267.68,59,3,81,3930,24.73
1324,5,114,1058,B,Morning,2025-02-25 03:00:00,6093,83.91,10.99,62.46,116.55,139,6,264.91,45,7,71,2067,15.91
1325,2,147,1028,D,Morning,2025-02-25 04:00:00,6832,76.46,12.8,63.26,102.62,394,0,189.78,3,7,85,4504,21.08
1326,3,106,1082,D,Morning,2025-02-25 05:00:00,5446,78.78,15.3,52.98,107.18,59,7,298.67,56,2,76,2324,19.78
1327,3,120,1005,C,Night,2025-02-25 06:00:00,5415,76.35,9.68,53.74,109.49,313,0,301.34,29,8,88,4622,32.66
1328,4,141,1096,D,Morning,2025-02-25 07:00:00,5531,74.56,10.81,59.71,139.79,317,7,322.41,40,1,80,2887,24.59
1329,5,125,1048,C,Morning,2025-02-25 08:00:00,5440,77.57,11.71,41.97,114.97,369,13,313.7,16,7,70,4726,22.6
1330,1,143,1039,D,Morning,2025-02-25 09:00:00,5737,80.95,13.94,52.17,145.91,167,13,306.9,2,1,78,4443,21.21
1331,5,113,1082,C,Morning,2025-02-25 10:00:00,6969,70.57,17.33,45.4,149.05,299,1,238.54,12,3,74,4411,23.38
1332,5,136,1064,D,Evening,2025-02-25 11:00:00,5463,67.74,12.37,66.39,151.71,108,7,262.05,43,3,95,4908,27.76
1333,4,120,1068,A,Morning,2025-02-25 12:00:00,6944,72.33,9.55,52.08,119.12,244,18,296.68,47,2,86,537,14.85
1334,1,117,1026,B,Evening,2025-02-25 13:00:00,5395,76.06,11.48,57.21,123.16,99,9,177.97,35,5,96,2458,25.15
1335,4,104,1079,A,Morning,2025-02-25 14:00:00,5710,79.35,10.84,53.25,125.67,456,6,241.25,17,4,70,3954,21.48
1336,1,102,1005,B,Night,2025-02-25 15:00:00,6574,70.05,13.08,52.73,114.49,345,12,181.79,22,6,86,482,26.15
1337,2,122,1012,B,Evening,2025-02-25 16:00:00,6680,62.56,12.57,56.69,126.37,427,14,261.21,34,2,81,4316,28.0
1338,1,125,1063,C,Evening,2025-02-25 17:00:00,6580,72.45,10.44,49.15,105.97,146,10,300.63,48,4,94,506,20.52
1339,4,136,1061,B,Evening,2025-02-25 18:00:00,5394,74.03,10.75,53.41,91.87,176,13,250.75,32,7,82,4440,17.15
1340,5,123,1098,A,Evening,2025-02-25 19:00:00,5325,69.19,11.46,53.35,130.71,295,10,227.23,50,1,93,165,22.48
1341,1,148,1018,A,Night,2025-02-25 20:00:00,6916,71.22,11.64,51.61,114.75,136,1,261.33,53,3,80,3089,30.44
1342,1,118,1075,D,Morning,2025-02-25 21:00:00,6942,79.34,11.94,58.13,105.35,126,1,266.5,35,1,82,327,28.18
1343,3,124,1079,A,Evening,2025-02-25 22:00:00,6114,75.39,12.07,51.42,107.25,426,11,269.32,16,2,82,2284,22.11
1344,5,120,1042,D,Night,2025-02-25 23:00:00,5749,76.73,13.85,67.89,142.73,253,14,201.4,38,9,75,2341,20.83
1345,2,111,1073,B,Evening,2025-02-26 00:00:00,6093,73.22,11.41,60.03,126.96,195,16,259.74,33,5,95,4901,21.2
1346,4,140,1088,A,Morning,2025-02-26 01:00:00,6189,71.23,11.18,44.21,97.17,198,13,257.37,11,4,91,4853,17.51
1347,2,132,1019,B,Evening,2025-02-26 02:00:00,5641,73.19,9.99,59.41,102.2,160,15,287.93,4,4,75,1612,27.92
1348,5,149,1094,A,Night,2025-02-26 03:00:00,5213,77.49,11.66,49.48,115.62,178,7,246.98,47,8,89,1029,28.84
1349,1,103,1067,A,Morning,2025-02-26 04:00:00,6875,67.54,12.38,56.09,127.15,302,16,328.97,39,3,90,4136,22.06
1350,1,141,1043,D,Night,2025-02-26 05:00:00,6624,83.25,9.41,49.15,108.08,215,4,253.29,54,4,79,2703,21.5
1351,5,106,1022,B,Morning,2025-02-26 06:00:00,6358,77.87,11.49,37.44,117.41,346,11,230.88,26,2,88,1280,20.51
1352,1,121,1001,A,Morning,2025-02-26 07:00:00,6787,72.32,13.74,54.83,121.72,475,5,209.88,59,6,72,1139,21.75
1353,1,132,1021,C,Morning,2025-02-26 08:00:00,5368,79.07,12.97,43.52,122.03,186,17,229.45,39,9,95,1201,20.32
1354,1,116,1056,B,Evening,2025-02-26 09:00:00,6884,81.11,12.56,58.36,84.07,328,4,218.04,12,4,76,2199,23.22
1355,4,123,1071,B,Night,2025-02-26 10:00:00,6607,73.35,12.93,56.4,123.32,383,5,243.76,25,6,74,613,27.93
1356,4,133,1006,B,Night,2025-02-26 11:00:00,6700,73.92,11.14,50.17,94.01,60,8,317.47,13,4,77,4939,27.42
1357,3,127,1077,D,Night,2025-02-26 12:00:00,5048,82.47,10.94,69.6,115.7,120,14,191.63,31,2,74,3232,19.81
1358,2,142,1055,C,Morning,2025-02-26 13:00:00,6075,85.59,13.91,45.09,112.48,208,9,194.44,10,6,81,1932,24.76
1359,5,140,1066,B,Evening,2025-02-26 14:00:00,6312,75.15,13.24,50.01,103.82,265,16,240.61,37,7,73,4738,27.23
1360,5,138,1015,A,Morning,2025-02-26 15:00:00,6813,69.21,10.88,46.03,132.65,75,18,195.48,15,4,99,2557,19.3
1361,5,121,1082,A,Night,2025-02-26 16:00:00,6649,72.65,9.18,71.33,103.14,335,11,210.72,54,7,88,2302,24.71
1362,3,148,1050,D,Evening,2025-02-26 17:00:00,6262,80.17,10.91,65.82,112.16,211,8,263.57,56,8,97,2780,30.07
1363,4,116,1081,A,Evening,2025-02-26 18:00:00,5132,69.85,12.82,43.62,133.18,479,14,247.9,21,3,87,2198,22.78
1364,3,133,1079,B,Evening,2025-02-26 19:00:00,5998,73.96,11.01,48.4,111.73,151,13,267.54,56,2,72,3266,13.91
1365,5,105,1071,A,Night,2025-02-26 20:00:00,5785,76.46,12.5,48.67,108.62,118,0,273.64,46,5,76,2027,11.41
1366,2,145,1096,B,Evening,2025-02-26 21:00:00,6189,70.39,14.13,50.59,115.98,182,16,303.7,15,2,77,4550,25.55
1367,1,105,1011,A,Evening,2025-02-26 22:00:00,6397,80.48,11.86,46.66,128.11,238,0,265.16,12,5,84,3216,24.53
1368,4,133,1052,C,Morning,2025-02-26 23:00:00,5372,78.47,12.35,50.15,141.69,260,12,298.2,11,6,90,2987,24.94
1369,4,100,1074,D,Morning,2025-02-27 00:00:00,6828,85.05,13.03,63.04,105.96,292,7,254.28,17,8,96,4443,26.45
1370,3,109,1004,D,Evening,2025-02-27 01:00:00,6501,78.91,10.38,70.58,107.17,215,12,265.62,28,6,86,4728,16.6
1371,4,120,1026,C,Evening,2025-02-27 02:00:00,6778,70.2,10.84,42.64,115.85,461,15,265.1,17,4,88,3630,19.97
1372,5,104,1011,C,Morning,2025-02-27 03:00:00,5478,77.65,13.09,46.67,123.45,459,1,261.38,45,3,73,889,26.12
1373,5,101,1016,D,Morning,2025-02-27 04:00:00,5831,79.94,12.06,56.71,108.45,110,12,258.23,1,2,85,1400,27.68
1374,3,121,1005,C,Morning,2025-02-27 05:00:00,5649,80.2,12.18,42.36,130.33,411,17,322.84,53,1,95,2047,22.72
1375,5,147,1096,B,Night,2025-02-27 06:00:00,6614,71.12,12.05,56.92,106.24,328,2,277.92,1,2,82,2342,16.84
1376,2,101,1004,A,Night,2025-02-27 07:00:00,5681,70.52,13.47,59.32,91.49,479,12,232.1,2,2,98,1194,25.7
1377,3,109,1056,D,Morning,2025-02-27 08:00:00,6658,69.3,12.65,60.61,127.98,162,18,343.74,28,5,81,1458,24.26
1378,2,133,1027,C,Evening,2025-02-27 09:00:00,5687,83.02,12.67,59.1,129.71,79,12,234.92,55,9,73,3756,18.71
1379,1,115,1077,B,Morning,2025-02-27 10:00:00,6323,78.11,13.83,50.72,135.67,372,18,249.79,7,1,81,407,14.08
1380,2,147,1068,D,Night,2025-02-27 11:00:00,5081,70.89,14.41,53.55,90.12,210,3,216.77,10,4,86,1550,26.86
1381,1,138,1058,C,Evening,2025-02-27 12:00:00,5086,75.64,15.37,45.56,110.02,283,18,278.68,11,7,95,2223,20.91
1382,1,121,1032,D,Night,2025-02-27 13:00:00,5224,74.38,11.13,58.71,116.23,436,17,317.61,31,3,78,4982,24.93
1383,2,111,1061,C,Evening,2025-02-27 14:00:00,5015,70.14,15.7,67.83,146.35,426,5,190.35,3,8,81,2942,24.75
1384,3,123,1049,D,Night,2025-02-27 15:00:00,5821,75.18,10.35,58.7,117.61,388,18,238.91,8,3,95,1764,18.27
1385,5,146,1018,B,Evening,2025-02-27 16:00:00,6381,75.95,14.9,49.44,99.8,219,3,294.66,23,8,84,4048,26.09
1386,5,139,1085,B,Evening,2025-02-27 17:00:00,5162,84.66,11.05,62.96,124.45,367,3,207.63,48,2,89,1494,19.7
1387,1,137,1068,A,Evening,2025-02-27 18:00:00,6633,71.72,11.9,73.93,139.64,235,6,272.98,55,5,71,4172,16.52
1388,1,109,1065,D,Evening,2025-02-27 19:00:00,6691,66.45,12.03,56.95,136.45,106,6,197.94,15,4,98,3734,15.88
1389,3,134,1093,A,Night,2025-02-27 20:00:00,5513,69.76,10.7,59.44,128.43,289,15,266.32,16,9,78,314,23.98
1390,4,148,1046,D,Night,2025-02-27 21:00:00,5349,70.54,12.13,60.42,123.94,306,15,253.11,46,3,83,3172,31.97
1391,2,131,1038,C,Evening,2025-02-27 22:00:00,6932,72.87,10.78,42.16,85.98,407,4,382.7,51,5,73,4154,24.21
1392,1,106,1067,C,Evening,2025-02-27 23:00:00,5680,69.77,10.15,51.71,120.38,250,14,279.78,57,9,73,4572,32.92
1393,5,120,1032,A,Night,2025-02-28 00:00:00,6487,79.11,11.94,50.89,122.67,493,3,163.1,21,6,96,2559,31.24
1394,3,119,1012,D,Evening,2025-02-28 01:00:00,6850,69.42,14.38,61.68,117.6,374,12,247.01,6,2,75,3806,26.58
1395,2,125,1083,A,Evening,2025-02-28 02:00:00,6860,75.1,11.62,60.75,130.61,364,18,282.97,9,1,93,3371,31.87
1396,3,103,1053,B,Evening,2025-02-28 03:00:00,6398,85.0,13.41,54.03,117.36,351,6,233.47,28,1,74,1306,31.31
1397,2,145,1006,A,Morning,2025-02-28 04:00:00,6115,77.77,10.73,50.41,114.47,155,11,231.74,35,7,97,509,29.89
1398,2,121,1078,A,Evening,2025-02-28 05:00:00,5180,77.25,10.07,41.51,135.58,339,8,233.69,23,2,93,3569,14.58
1399,1,114,1086,C,Morning,2025-02-28 06:00:00,5742,84.29,12.68,54.88,113.8,150,16,271.89,55,7,86,315,22.82
1400,3,139,1013,A,Evening,2025-02-28 07:00:00,6324,81.23,14.63,47.36,120.97,146,1,199.79,45,1,82,4947,20.53
1401,3,120,1086,D,Night,2025-02-28 08:00:00,5659,77.83,12.31,46.37,133.46,202,15,227.54,13,4,89,448,29.86
1402,5,114,1018,C,Morning,2025-02-28 09:00:00,6815,73.45,13.24,62.41,104.84,475,6,291.32,13,4,86,3751,22.46
1403,5,121,1053,A,Morning,2025-02-28 10:00:00,6212,74.89,14.24,61.58,103.21,78,17,230.52,24,5,88,2978,32.76
1404,1,127,1092,B,Evening,2025-02-28 11:00:00,6882,74.64,11.95,51.09,140.37,202,6,228.12,45,1,96,3765,24.51
1405,1,113,1019,A,Evening,2025-02-28 12:00:00,6885,72.99,11.77,42.45,111.11,487,0,194.95,21,7,92,4849,23.86
1406,4,126,1028,A,Morning,2025-02-28 13:00:00,6337,76.06,12.71,48.39,130.39,428,2,275.84,51,2,70,3169,22.11
1407,5,140,1023,A,Night,2025-02-28 14:00:00,5492,76.75,12.98,62.95,93.37,122,10,267.02,49,2,90,4094,23.08
1408,2,139,1081,C,Night,2025-02-28 15:00:00,5922,68.78,9.9,58.74,82.45,303,14,288.89,46,8,86,3212,25.34
1409,3,127,1062,D,Evening,2025-02-28 16:00:00,6945,83.16,12.44,51.23,125.46,448,2,245.48,22,9,91,102,23.67
1410,1,125,1073,B,Night,2025-02-28 17:00:00,5127,77.05,12.0,55.47,118.09,53,12,262.63,31,6,94,1217,21.68
1411,3,148,1056,A,Night,2025-02-28 18:00:00,6542,73.69,10.82,38.4,125.6,286,3,262.29,25,1,72,1182,21.97
1412,3,101,1007,D,Evening,2025-02-28 19:00:00,6449,76.11,11.9,37.8,148.12,87,7,193.0,50,1,96,4602,33.11
1413,4,124,1089,D,Night,2025-02-28 20:00:00,6582,79.65,10.25,70.82,101.44,69,3,344.14,26,7,96,1617,33.99
1414,5,102,1061,C,Evening,2025-02-28 21:00:00,5564,67.67,9.73,59.05,120.57,162,17,289.12,44,8,83,4946,21.65
1415,1,107,1028,B,Morning,2025-02-28 22:00:00,6210,74.47,12.1,55.01,142.16,72,6,253.16,11,3,81,1995,28.24
1416,3,143,1073,C,Evening,2025-02-28 23:00:00,5549,69.07,13.35,51.82,103.61,470,10,241.03,18,9,84,3679,19.86
1417,1,132,1016,D,Morning,2025-03-01 00:00:00,5452,88.29,11.48,40.91,111.23,495,3,302.96,18,4,75,2733,22.37
1418,2,141,1065,D,Morning,2025-03-01 01:00:00,5470,75.69,10.56,62.95,93.49,416,12,253.84,51,4,89,2479,18.56
1419,4,134,1005,D,Night,2025-03-01 02:00:00,5987,69.11,10.79,45.9,153.57,185,8,286.54,33,3,91,1112,29.1
1420,2,105,1057,C,Night,2025-03-01 03:00:00,5737,93.0,12.82,60.63,86.93,470,8,226.88,31,8,71,4364,26.42
1421,1,138,1068,B,Night,2025-03-01 04:00:00,6588,72.32,14.5,56.06,131.98,297,18,214.98,28,9,73,2923,27.38
1422,1,122,1027,A,Evening,2025-03-01 05:00:00,6934,73.95,13.16,54.58,100.2,350,2,243.53,20,1,82,948,28.44
1423,5,124,1061,C,Night,2025-03-01 06:00:00,5223,74.32,13.95,44.58,104.24,146,11,250.42,34,2,82,1804,19.65
1424,3,149,1040,D,Morning,2025-03-01 07:00:00,5153,70.76,10.43,44.69,135.96,82,10,266.94,41,1,92,4193,22.38
1425,3,142,1068,C,Night,2025-03-01 08:00:00,5559,76.24,11.89,58.12,108.86,184,19,308.68,4,4,96,305,26.23
1426,2,118,1081,D,Night,2025-03-01 09:00:00,5350,63.95,13.53,55.63,129.78,304,10,294.48,11,7,91,1992,22.27
1427,4,104,1089,A,Evening,2025-03-01 10:00:00,6170,80.43,9.9,55.38,140.7,327,16,302.72,6,7,94,620,24.35
1428,3,110,1083,A,Evening,2025-03-01 11:00:00,6928,69.36,11.01,57.29,123.01,182,13,220.7,40,6,96,3676,20.0
1429,5,111,1040,B,Morning,2025-03-01 12:00:00,6599,72.92,13.41,39.51,133.34,287,15,238.2,1,5,92,2451,30.65
1430,2,109,1048,D,Evening,2025-03-01 13:00:00,5348,78.76,12.39,63.12,121.21,64,9,288.72,24,4,86,2234,28.69
1431,2,107,1090,B,Night,2025-03-01 14:00:00,5181,73.98,10.55,52.15,121.91,326,3,298.6,9,8,75,4938,30.19
1432,5,123,1048,B,Evening,2025-03-01 15:00:00,5636,74.18,9.55,64.36,110.48,175,9,279.67,37,7,80,2575,27.3
1433,4,127,1075,A,Morning,2025-03-01 16:00:00,6017,69.94,14.01,38.93,148.93,394,19,227.49,43,1,88,4645,18.53
1434,5,140,1070,C,Night,2025-03-01 17:00:00,5178,85.48,8.92,59.55,131.14,66,11,208.34,5,6,85,885,21.6
1435,4,135,1002,C,Morning,2025-03-01 18:00:00,6062,77.66,12.95,59.48,127.83,361,8,259.32,26,2,77,4197,20.49
1436,5,136,1009,B,Evening,2025-03-01 19:00:00,5771,69.59,11.2,43.11,131.55,99,14,214.33,34,4,98,2890,22.71
1437,5,120,1097,A,Evening,2025-03-01 20:00:00,5893,75.89,13.57,49.89,109.84,184,8,268.43,9,5,70,2257,29.29
1438,1,107,1088,D,Morning,2025-03-01 21:00:00,6026,69.23,10.44,46.52,133.96,167,6,300.03,8,8,79,778,16.64
1439,2,108,1034,C,Night,2025-03-01 22:00:00,6015,83.61,15.92,61.91,143.34,427,11,257.56,19,6,71,3628,21.08
1440,5,146,1079,B,Evening,2025-03-01 23:00:00,5063,76.0,12.6,57.47,99.29,355,19,197.77,36,2,88,3659,22.03
1441,5,114,1001,C,Evening,2025-03-02 00:00:00,5028,70.12,12.85,67.79,128.12,109,13,229.63,34,5,83,470,17.43
1442,3,147,1023,C,Night,2025-03-02 01:00:00,5371,78.49,10.84,56.62,120.94,174,15,284.59,36,5,72,3037,25.02
1443,2,145,1073,D,Evening,2025-03-02 02:00:00,6546,73.61,11.8,60.86,112.21,165,18,268.96,39,6,92,821,22.29
1444,3,139,1037,A,Morning,2025-03-02 03:00:00,5096,68.56,11.84,64.38,103.6,440,2,272.16,7,1,98,4500,29.56
1445,2,117,1021,D,Evening,2025-03-02 04:00:00,6893,76.91,14.69,59.44,135.78,473,10,320.76,45,8,93,1023,22.62
1446,3,141,1025,A,Evening,2025-03-02 05:00:00,6465,76.76,12.6,51.93,123.12,222,19,263.96,55,3,78,935,26.29
1447,5,119,1042,C,Night,2025-03-02 06:00:00,6226,80.69,12.82,50.44,116.89,236,18,262.7,53,5,92,2593,24.57
1448,5,105,1054,B,Morning,2025-03-02 07:00:00,6434,75.32,12.8,54.36,128.14,137,7,284.27,30,7,77,3079,11.59
1449,1,111,1038,D,Night,2025-03-02 08:00:00,5992,75.54,12.94,61.37,118.09,252,19,203.07,48,3,80,2425,16.82
1450,3,101,1090,A,Evening,2025-03-02 09:00:00,5020,75.8,9.92,48.87,109.44,410,7,232.2,42,6,84,4024,25.92
1451,4,106,1028,C,Evening,2025-03-02 10:00:00,6574,82.98,15.07,60.22,121.93,360,2,220.46,57,5,75,2524,25.69
1452,1,115,1019,A,Night,2025-03-02 11:00:00,5734,73.45,10.68,57.58,119.58,369,9,276.2,15,7,71,4621,23.66
1453,3,102,1090,A,Night,2025-03-02 12:00:00,6125,77.35,11.94,44.97,93.39,498,12,213.24,27,3,70,3226,30.65
1454,3,144,1040,A,Night,2025-03-02 13:00:00,6069,78.08,14.3,59.83,110.56,231,8,272.54,5,2,72,2476,26.55
1455,1,102,1053,C,Morning,2025-03-02 14:00:00,5065,76.75,14.9,56.14,101.03,401,5,241.33,31,4,94,553,31.85
1456,5,126,1019,B,Evening,2025-03-02 15:00:00,5602,73.26,13.21,50.6,95.23,217,14,235.75,27,3,98,3559,11.7
1457,3,149,1018,B,Night,2025-03-02 16:00:00,6187,75.6,11.24,56.02,127.02,230,15,286.47,10,4,92,4959,32.67
1458,5,142,1083,B,Evening,2025-03-02 17:00:00,6994,74.53,12.19,50.91,109.97,349,4,196.71,41,7,87,3601,20.96
1459,1,139,1098,A,Morning,2025-03-02 18:00:00,6134,84.8,12.25,56.98,135.62,496,12,230.45,22,5,83,3647,24.12
1460,5,137,1065,C,Morning,2025-03-02 19:00:00,5337,72.71,12.3,53.66,92.57,179,18,367.18,29,4,86,1248,29.93
1461,2,132,1029,A,Morning,2025-03-02 20:00:00,5122,70.44,10.15,42.76,115.53,198,1,324.02,8,6,71,622,13.43
1462,4,127,1052,B,Morning,2025-03-02 21:00:00,6728,74.97,13.89,53.9,110.76,355,5,177.42,27,7,88,4677,22.73
1463,3,100,1033,B,Evening,2025-03-02 22:00:00,5446,74.62,12.2,51.46,96.33,258,0,229.7,23,5,99,221,29.04
1464,4,107,1021,C,Morning,2025-03-02 23:00:00,5610,75.98,10.92,60.08,120.08,160,14,252.51,58,7,91,3718,20.91
1465,5,136,1066,A,Morning,2025-03-03 00:00:00,6314,72.71,11.25,62.04,97.64,485,14,193.55,27,3,97,4776,28.57
1466,3,131,1005,D,Night,2025-03-03 01:00:00,5670,75.55,12.4,50.93,123.34,186,13,330.72,23,7,78,3822,27.38
1467,5,147,1078,D,Morning,2025-03-03 02:00:00,6435,75.65,9.9,48.68,130.81,404,6,251.18,14,3,77,3183,24.85
1468,2,142,1026,B,Night,2025-03-03 03:00:00,5614,79.53,13.32,41.56,124.01,453,4,242.56,38,6,79,2272,26.99
1469,1,136,1009,C,Morning,2025-03-03 04:00:00,5896,75.47,12.35,48.49,125.91,260,19,265.24,49,8,78,2806,30.47
1470,3,103,1072,A,Morning,2025-03-03 05:00:00,5280,75.51,14.35,52.41,135.47,195,15,264.61,32,6,96,4913,27.01
1471,2,129,1096,A,Night,2025-03-03 06:00:00,6066,77.58,12.12,44.29,119.6,133,16,215.83,46,3,96,3407,28.65
1472,2,105,1095,B,Morning,2025-03-03 07:00:00,6509,79.34,10.37,62.15,107.61,79,10,302.61,33,5,77,3742,19.59
1473,3,145,1047,B,Evening,2025-03-03 08:00:00,5595,70.08,10.2,57.1,110.87,114,14,256.48,21,9,76,2917,26.91
1474,5,118,1069,A,Evening,2025-03-03 09:00:00,6986,68.74,11.41,54.04,111.19,73,19,302.35,28,8,91,4601,26.45
1475,2,131,1058,A,Morning,2025-03-03 10:00:00,5702,83.48,11.57,54.87,104.35,480,15,226.97,33,6,93,1584,29.62
1476,4,108,1099,B,Evening,2025-03-03 11:00:00,6074,78.52,11.15,57.45,131.76,260,2,178.16,41,9,75,376,18.21
1477,2,111,1058,A,Night,2025-03-03 12:00:00,6921,73.9,12.19,60.06,127.9,271,5,307.49,51,2,71,1348,29.37
1478,5,110,1001,D,Morning,2025-03-03 13:00:00,5209,75.1,11.11,61.47,95.02,139,12,279.62,46,9,98,1224,19.6
1479,5,145,1028,B,Morning,2025-03-03 14:00:00,5125,73.04,12.38,52.53,107.61,155,0,296.73,9,6,78,3001,35.7
1480,4,115,1067,A,Night,2025-03-03 15:00:00,5491,76.06,11.22,53.86,103.62,221,13,299.19,50,9,78,1757,19.56
1481,2,100,1064,B,Night,2025-03-03 16:00:00,6532,70.14,12.95,56.38,124.76,279,1,250.77,53,4,88,1853,18.17
1482,5,144,1082,C,Night,2025-03-03 17:00:00,5959,79.2,11.53,53.54,136.15,462,1,235.32,59,5,78,4702,22.55
1483,3,120,1025,B,Morning,2025-03-03 18:00:00,5969,75.88,13.87,61.98,126.72,126,14,246.33,59,2,71,3758,29.24
1484,1,129,1088,B,Night,2025-03-03 19:00:00,5580,76.06,12.98,64.82,109.48,117,17,272.06,44,3,97,3502,25.78
1485,1,112,1009,C,Night,2025-03-03 20:00:00,5776,70.53,12.29,57.75,115.22,414,8,261.08,29,1,99,4432,32.4
1486,1,133,1052,D,Evening,2025-03-03 21:00:00,5257,77.62,11.69,47.73,99.11,450,2,176.83,55,4,88,851,22.5
1487,2,103,1078,A,Evening,2025-03-03 22:00:00,6953,70.65,9.72,59.07,100.26,402,3,245.26,10,2,85,264,21.55
1488,4,127,1058,C,Morning,2025-03-03 23:00:00,6211,71.54,14.12,58.07,132.69,438,14,306.56,53,2,99,1792,20.33
1489,5,137,1021,B,Evening,2025-03-04 00:00:00,5229,75.44,10.98,47.06,141.66,141,4,249.95,33,1,91,2056,21.37
1490,3,130,1050,A,Evening,2025-03-04 01:00:00,5188,87.54,12.14,58.06,109.28,137,19,338.98,20,2,83,3960,17.01
1491,3,126,1047,C,Night,2025-03-04 02:00:00,6438,75.86,12.52,50.65,120.72,99,19,211.56,58,4,89,2875,20.76
1492,2,104,1020,A,Night,2025-03-04 03:00:00,5009,62.16,11.72,60.97,130.81,152,4,263.94,12,6,93,3389,17.95
1493,1,124,1021,A,Evening,2025-03-04 04:00:00,6137,71.79,14.03,59.0,95.04,417,9,210.59,53,7,70,1868,27.59
1494,2,102,1099,C,Evening,2025-03-04 05:00:00,6099,78.42,10.17,56.78,104.27,473,15,215.78,24,7,82,2523,31.4
1495,4,132,1097,A,Evening,2025-03-04 06:00:00,5675,69.36,14.6,55.31,149.9,95,11,216.15,53,7,91,4626,25.11
1496,4,103,1029,D,Morning,2025-03-04 07:00:00,5501,79.16,13.01,37.93,105.63,228,13,338.39,57,4,71,3796,20.63
1497,5,124,1024,C,Morning,2025-03-04 08:00:00,5084,75.79,11.63,45.29,114.57,316,10,239.91,20,5,91,882,27.72
1498,5,119,1027,D,Morning,2025-03-04 09:00:00,5048,79.96,11.65,53.95,110.96,317,18,221.89,0,3,83,3878,23.8
1499,4,133,1064,B,Evening,2025-03-04 10:00:00,6518,72.21,8.67,67.16,90.08,446,5,249.89,57,1,70,1054,29.07
1500,4,125,1044,A,Evening,2025-03-04 11:00:00,5837,71.82,10.73,59.52,121.24,369,9,241.1,4,8,84,2092,19.27
